Iteration,EA Max Fitness,EA Avg Fitness,Random Max Fitness,Random Avg Fitness
0,0.426767,0.249182,0.443914,0.248042
1,0.531244,0.264352,0.48453,0.253357
2,0.531244,0.270238,0.497146,0.254549
3,0.531244,0.288802,0.497146,0.240822
4,0.531244,0.287978,0.540866,0.248126
5,0.531244,0.300947,0.569856,0.247132
6,0.541067,0.316406,0.569856,0.24842
7,0.541067,0.317067,0.60201,0.250018
8,0.612888,0.324585,0.60201,0.247356
9,0.612888,0.313368,0.60201,0.253361
10,0.612888,0.319702,0.646383,0.24966
11,0.634375,0.334164,0.657225,0.254845
12,0.634375,0.32779,0.657225,0.247316
13,0.634375,0.332731,0.657225,0.254329
14,0.634375,0.336784,0.657225,0.24599
15,0.634375,0.352369,0.657225,0.249789
16,0.634375,0.347366,0.657225,0.246392
17,0.634375,0.35032,0.657225,0.248563
18,0.634375,0.359937,0.657225,0.250876
19,0.634375,0.349932,0.657225,0.253224
20,0.810249,0.340192,0.657225,0.249459
21,0.810249,0.350416,0.657225,0.24835
22,0.810249,0.357309,0.657225,0.255218
23,0.810249,0.364535,0.657225,0.250796
24,0.810249,0.377958,0.657225,0.251645
25,0.810249,0.381271,0.657225,0.250231
26,0.810249,0.372026,0.657225,0.247128
27,0.810249,0.368101,0.657225,0.24669
28,0.810249,0.3763,0.657225,0.243651
29,0.810249,0.383379,0.657225,0.249209
30,0.810249,0.368136,0.657225,0.244327
31,0.810249,0.394781,0.657225,0.242734
32,0.810249,0.378427,0.66233,0.248167
33,0.810249,0.369664,0.66233,0.248867
34,0.810249,0.394154,0.66233,0.256926
35,0.810249,0.394071,0.66233,0.250529
36,0.810249,0.394519,0.66233,0.247554
37,0.810249,0.382795,0.66233,0.251013
38,0.810249,0.388964,0.677874,0.259375
39,0.810249,0.393732,0.677874,0.25014
40,0.810249,0.408605,0.677874,0.246357
41,0.810249,0.41517,0.687705,0.259979
42,0.810249,0.416536,0.687705,0.240569
43,0.810249,0.422778,0.687705,0.254796
44,0.810249,0.417833,0.687705,0.254745
45,0.810249,0.416484,0.687705,0.251558
46,0.810249,0.422295,0.687705,0.260429
47,0.810249,0.436612,0.689032,0.254419
48,0.810249,0.407828,0.689032,0.249058
49,0.810249,0.429619,0.689032,0.254007
50,0.810249,0.420732,0.689032,0.256666
51,0.810249,0.426626,0.689032,0.244804
52,0.810249,0.420001,0.689032,0.258044
53,0.810249,0.436971,0.689032,0.245231
54,0.810249,0.437043,0.689032,0.253926
55,0.810249,0.444637,0.689032,0.257938
56,0.810249,0.443941,0.689032,0.246156
57,0.810249,0.452525,0.689032,0.244849
58,0.810249,0.41842,0.689032,0.254426
59,0.810249,0.423144,0.689032,0.25388
60,0.810249,0.428682,0.689032,0.238536
61,0.810249,0.442464,0.713223,0.243343
62,0.810249,0.434297,0.713223,0.248251
63,0.810249,0.437404,0.713223,0.249625
64,0.810249,0.432749,0.713223,0.251775
65,0.810249,0.435129,0.713223,0.258449
66,0.810249,0.458777,0.713223,0.256268
67,0.810249,0.457256,0.713223,0.245271
68,0.810249,0.454567,0.716569,0.24623
69,0.810249,0.415651,0.716569,0.24417
70,0.810249,0.445815,0.716569,0.253205
71,0.88982,0.446905,0.716569,0.251066
72,0.88982,0.457388,0.716569,0.251071
73,0.88982,0.445013,0.716569,0.246327
74,0.88982,0.460291,0.716569,0.244114
75,0.88982,0.453874,0.716569,0.254643
76,0.88982,0.457648,0.72347,0.252369
77,0.88982,0.445393,0.72347,0.251462
78,0.88982,0.456187,0.72347,0.25462
79,0.88982,0.459512,0.72347,0.255528
80,0.88982,0.465782,0.72347,0.244077
81,0.945808,0.469219,0.72347,0.244674
82,0.945808,0.468983,0.72347,0.243917
83,0.945808,0.457873,0.72347,0.247799
84,0.945808,0.45619,0.72347,0.253434
85,0.945808,0.447463,0.72347,0.248471
86,0.945808,0.457383,0.72347,0.256477
87,0.945808,0.450572,0.72347,0.25758
88,0.945808,0.454956,0.72347,0.244447
89,0.945808,0.452835,0.72347,0.257934
90,0.945808,0.459017,0.72347,0.245611
91,0.945808,0.466342,0.72347,0.244239
92,0.945808,0.462512,0.72347,0.247411
93,0.945808,0.463085,0.72347,0.253182
94,0.945808,0.46898,0.72347,0.253072
95,0.945808,0.474321,0.72347,0.24963
96,0.945808,0.461956,0.72347,0.25192
97,0.945808,0.474547,0.72347,0.253458
98,0.945808,0.447212,0.72347,0.252467
99,0.945808,0.44866,0.72347,0.253849
100,0.945808,0.470747,0.72347,0.248024
101,0.945808,0.466754,0.72347,0.243384
102,0.945808,0.46639,0.72347,0.24987
103,0.945808,0.453406,0.72347,0.25308
104,0.945808,0.465497,0.72347,0.252065
105,0.945808,0.471959,0.72347,0.248274
106,0.945808,0.465932,0.72347,0.251777
107,0.945808,0.478392,0.72347,0.251671
108,0.945808,0.486617,0.72347,0.254879
109,0.945808,0.477042,0.72347,0.246626
110,0.945808,0.495653,0.72347,0.248007
111,0.945808,0.487835,0.72347,0.250683
112,0.945808,0.49913,0.72347,0.250822
113,0.945808,0.494804,0.72347,0.242958
114,0.945808,0.48295,0.72347,0.244573
115,0.945808,0.508804,0.72347,0.247204
116,0.945808,0.513683,0.72347,0.243171
117,0.945808,0.473679,0.72347,0.24942
118,0.945808,0.504484,0.72347,0.255642
119,0.945808,0.483476,0.72347,0.254909
120,0.945808,0.503484,0.72347,0.253073
121,0.983819,0.516802,0.72347,0.251673
122,0.983819,0.509242,0.72347,0.253126
123,0.983819,0.502133,0.72347,0.249031
124,0.983819,0.499718,0.72347,0.249521
125,0.983819,0.498623,0.72347,0.25178
126,0.983819,0.494878,0.72347,0.252948
127,0.983819,0.495599,0.72347,0.243182
128,0.983819,0.506056,0.72347,0.245574
129,0.983819,0.516516,0.72347,0.252395
130,0.983819,0.514338,0.72347,0.252472
131,0.983819,0.503733,0.72347,0.247745
132,0.983819,0.492995,0.72347,0.250483
133,0.983819,0.488036,0.72347,0.244361
134,0.983819,0.492768,0.72347,0.255823
135,0.983819,0.490996,0.72347,0.249148
136,0.983819,0.524332,0.72347,0.252285
137,0.983819,0.52738,0.72347,0.25115
138,0.983819,0.490756,0.72347,0.249099
139,0.983819,0.512383,0.72347,0.248333
140,0.983819,0.498945,0.72347,0.253862
141,0.983819,0.493309,0.72347,0.249644
142,0.983819,0.511843,0.72347,0.251382
143,0.983819,0.535129,0.72347,0.248563
144,0.983819,0.534737,0.72347,0.253957
145,0.983819,0.491293,0.72347,0.239228
146,0.983819,0.538267,0.72347,0.256982
147,0.983819,0.53016,0.72347,0.254121
148,0.983819,0.518129,0.72347,0.248304
149,0.983819,0.532366,0.72347,0.255456
150,0.983819,0.525407,0.72347,0.247469
151,0.983819,0.519031,0.72347,0.252382
152,0.983819,0.532306,0.72347,0.254999
153,0.983819,0.516836,0.72347,0.247644
154,0.983819,0.504617,0.72347,0.247501
155,0.983819,0.522026,0.72347,0.246615
156,0.983819,0.519128,0.72347,0.252259
157,0.983819,0.530753,0.72347,0.24784
158,0.983819,0.517714,0.72347,0.253188
159,0.983819,0.532283,0.72347,0.252968
160,0.983819,0.49754,0.72347,0.246318
161,0.983819,0.504765,0.72347,0.242638
162,0.983819,0.52637,0.72347,0.244693
163,0.983819,0.546895,0.72347,0.251624
164,0.983819,0.533281,0.72347,0.252858
165,0.983819,0.516868,0.72347,0.25589
166,0.983819,0.525584,0.72347,0.254876
167,0.997386,0.543194,0.72347,0.24653
168,0.997386,0.502799,0.72347,0.242486
169,0.997386,0.500637,0.72347,0.248868
170,0.997386,0.53677,0.72347,0.258187
171,0.997386,0.516939,0.72347,0.244893
172,0.997386,0.517904,0.72347,0.245881
173,0.997386,0.524135,0.72347,0.243792
174,0.997386,0.534686,0.72347,0.254151
175,0.997386,0.503212,0.72347,0.252346
176,0.997386,0.546442,0.72347,0.250677
177,0.997386,0.520917,0.72347,0.253294
178,0.997386,0.527625,0.72347,0.249372
179,0.997386,0.525707,0.72347,0.246225
180,0.997386,0.530871,0.72347,0.251573
181,0.997386,0.527323,0.72347,0.242253
182,0.997386,0.520689,0.72347,0.2431
183,0.997386,0.52117,0.72347,0.245516
184,0.997386,0.529895,0.72347,0.247288
185,0.997386,0.52131,0.72347,0.253225
186,0.997386,0.525502,0.72347,0.247703
187,0.997386,0.505525,0.72347,0.254815
188,0.997386,0.5231,0.72347,0.257301
189,0.997386,0.534553,0.72347,0.25325
190,0.997386,0.541481,0.72347,0.257282
191,0.997386,0.536193,0.72347,0.254316
192,0.997386,0.528332,0.72347,0.253775
193,0.997386,0.5017,0.72347,0.254943
194,0.997386,0.530518,0.72347,0.247142
195,0.997386,0.52184,0.72347,0.245165
196,0.997386,0.533135,0.72347,0.249198
197,0.997386,0.536841,0.72347,0.250344
198,0.997386,0.540734,0.72347,0.248504
199,0.997386,0.53954,0.72347,0.261294
200,0.997386,0.56291,0.72347,0.248397
201,0.997386,0.519586,0.72347,0.251681
202,0.997386,0.532071,0.72347,0.248983
203,0.997386,0.513409,0.72347,0.25577
204,0.997386,0.542638,0.72347,0.24887
205,0.997386,0.524641,0.72347,0.255384
206,0.997386,0.539444,0.72347,0.25598
207,0.997386,0.517075,0.72347,0.250557
208,0.997386,0.52077,0.72347,0.251232
209,0.997386,0.531368,0.72347,0.25138
210,0.997386,0.530728,0.72347,0.256221
211,0.997386,0.507095,0.72347,0.245622
212,0.997386,0.505968,0.72347,0.249366
213,0.997386,0.528647,0.72347,0.24777
214,0.997386,0.535868,0.72347,0.247489
215,0.997386,0.542469,0.72347,0.241986
216,0.997386,0.531061,0.72347,0.25742
217,0.997386,0.527313,0.72347,0.260952
218,0.997386,0.523972,0.72347,0.247878
219,0.997386,0.532286,0.72347,0.245211
220,0.997386,0.542213,0.72347,0.246319
221,0.997386,0.516622,0.72347,0.243414
222,0.997386,0.525793,0.72347,0.252726
223,0.997386,0.56123,0.72347,0.246727
224,0.997386,0.536202,0.72347,0.244398
225,0.997386,0.524078,0.72347,0.254108
226,0.997386,0.54319,0.72347,0.25483
227,0.997386,0.543572,0.72347,0.253717
228,0.997386,0.565865,0.72347,0.255871
229,0.997386,0.538077,0.72347,0.250141
230,0.997386,0.516456,0.72347,0.250996
231,0.997386,0.531159,0.72347,0.25586
232,0.997386,0.554313,0.72347,0.251553
233,0.997386,0.539274,0.72347,0.255739
234,0.997386,0.54732,0.72347,0.251338
235,0.997386,0.534373,0.72347,0.253547
236,0.997386,0.548869,0.72347,0.247249
237,0.997386,0.518808,0.72347,0.250821
238,0.997386,0.520672,0.72347,0.250854
239,0.997386,0.518819,0.72347,0.251684
240,0.997386,0.517515,0.72347,0.251208
241,0.997386,0.533341,0.72347,0.243918
242,0.997386,0.520251,0.72347,0.258463
243,0.997386,0.523284,0.72347,0.249449
244,0.997386,0.554215,0.72347,0.251112
245,0.997386,0.513794,0.72347,0.253982
246,0.997386,0.5117,0.72347,0.251744
247,0.997386,0.544156,0.72347,0.246728
248,0.997386,0.535488,0.72347,0.251719
249,0.997386,0.532818,0.72347,0.25313
250,0.997386,0.552488,0.72347,0.253923
251,0.997386,0.539822,0.72347,0.246585
252,0.997386,0.536024,0.72347,0.245035
253,0.997386,0.543468,0.732785,0.255741
254,0.997386,0.533176,0.732785,0.245947
255,0.997386,0.543495,0.732785,0.250916
256,0.997386,0.531061,0.732785,0.244826
257,0.997386,0.530296,0.732785,0.250048
258,0.997386,0.517871,0.732785,0.252516
259,0.997386,0.527041,0.732785,0.250657
260,0.997386,0.555723,0.73956,0.249853
261,0.997386,0.515671,0.73956,0.249776
262,0.997386,0.547263,0.73956,0.250725
263,0.997386,0.548887,0.73956,0.25387
264,0.997386,0.522351,0.73956,0.259927
265,0.997386,0.529531,0.73956,0.260646
266,0.997386,0.551628,0.73956,0.248769
267,0.997386,0.523739,0.73956,0.245292
268,0.997386,0.549543,0.73956,0.253554
269,0.997386,0.527489,0.73956,0.252221
270,0.997386,0.559598,0.73956,0.250772
271,0.997386,0.55041,0.73956,0.254558
272,0.997386,0.527816,0.73956,0.255762
273,0.997827,0.547085,0.73956,0.251526
274,0.997827,0.523108,0.73956,0.253647
275,0.997827,0.521106,0.73956,0.240147
276,0.997827,0.534982,0.73956,0.246219
277,0.997827,0.535743,0.73956,0.251262
278,0.997827,0.551291,0.73956,0.258151
279,0.998387,0.544415,0.73956,0.245431
280,0.998387,0.541066,0.73956,0.253026
281,0.998387,0.544919,0.73956,0.251218
282,0.998387,0.536315,0.73956,0.25906
283,0.998387,0.532727,0.73956,0.255225
284,0.998387,0.546435,0.73956,0.255025
285,0.998387,0.527315,0.73956,0.248851
286,0.998387,0.520125,0.73956,0.249938
287,0.998387,0.545084,0.73956,0.251367
288,0.998387,0.546119,0.73956,0.241227
289,0.998387,0.542895,0.73956,0.254218
290,0.998387,0.522071,0.73956,0.250218
291,0.998387,0.535386,0.73956,0.253929
292,0.998387,0.544236,0.73956,0.252082
293,0.998387,0.547348,0.73956,0.248092
294,0.998387,0.551124,0.73956,0.254142
295,0.998387,0.550195,0.73956,0.250421
296,0.998387,0.546818,0.73956,0.246135
297,0.998387,0.531462,0.73956,0.241235
298,0.998387,0.532306,0.73956,0.243414
299,0.998387,0.529131,0.73956,0.253222
300,0.998387,0.530732,0.73956,0.25075
301,0.998387,0.531457,0.73956,0.256014
302,0.998387,0.522702,0.73956,0.259529
303,0.998387,0.518874,0.73956,0.24479
304,0.998387,0.536904,0.73956,0.253061
305,0.998387,0.538242,0.73956,0.243465
306,0.998387,0.527001,0.73956,0.256827
307,0.998387,0.532554,0.73956,0.257422
308,0.998691,0.554412,0.73956,0.255603
309,0.998691,0.547327,0.73956,0.253289
310,0.998691,0.556067,0.73956,0.250158
311,0.998691,0.552829,0.73956,0.254985
312,0.998691,0.559363,0.73956,0.242664
313,0.998691,0.553386,0.73956,0.251537
314,0.998691,0.529154,0.73956,0.252771
315,0.998691,0.571571,0.73956,0.242708
316,0.998691,0.553275,0.73956,0.250311
317,0.998691,0.549709,0.73956,0.24972
318,0.998691,0.554795,0.73956,0.255872
319,0.998691,0.537469,0.73956,0.246365
320,0.998691,0.551367,0.73956,0.253955
321,0.998691,0.553338,0.73956,0.250381
322,0.998691,0.547198,0.73956,0.256085
323,0.998691,0.554892,0.73956,0.254946
324,0.998691,0.551489,0.73956,0.247172
325,0.998691,0.533527,0.73956,0.250931
326,0.998691,0.55803,0.73956,0.252029
327,0.998691,0.517095,0.73956,0.250303
328,0.998691,0.553299,0.73956,0.24747
329,0.998691,0.561183,0.73956,0.247965
330,0.998691,0.563612,0.73956,0.257037
331,0.998691,0.551498,0.73956,0.256054
332,0.999052,0.560008,0.73956,0.25477
333,0.999052,0.559762,0.73956,0.248527
334,0.999052,0.57902,0.73956,0.253871
335,0.999052,0.575303,0.73956,0.25483
336,0.999052,0.566542,0.73956,0.248466
337,0.999052,0.558757,0.73956,0.246213
338,0.999052,0.578099,0.73956,0.243144
339,0.999052,0.629042,0.73956,0.252085
340,0.999052,0.597954,0.73956,0.251116
341,0.999052,0.567245,0.73956,0.244912
342,0.999483,0.583305,0.73956,0.248692
343,0.999483,0.589646,0.73956,0.24666
344,0.999483,0.603702,0.73956,0.254426
345,0.999483,0.567503,0.73956,0.25003
346,0.999483,0.565744,0.73956,0.250849
347,0.999483,0.548918,0.73956,0.250236
348,0.999483,0.555137,0.73956,0.248325
349,0.999727,0.581828,0.73956,0.241017
350,0.999727,0.556374,0.73956,0.241263
351,0.999727,0.563894,0.73956,0.239888
352,0.999727,0.586902,0.73956,0.248823
353,0.999727,0.620582,0.73956,0.255113
354,0.999727,0.575375,0.73956,0.258003
355,0.999727,0.597545,0.73956,0.243723
356,0.999727,0.581576,0.73956,0.253699
357,0.999727,0.60025,0.73956,0.247998
358,0.999727,0.606137,0.73956,0.254792
359,0.999727,0.580558,0.73956,0.241752
360,0.999727,0.573814,0.73956,0.256751
361,0.999727,0.586127,0.73956,0.244967
362,0.999727,0.621939,0.73956,0.257866
363,0.999727,0.594188,0.73956,0.251223
364,0.999727,0.591739,0.73956,0.248836
365,0.999727,0.566729,0.73956,0.257077
366,0.999727,0.574859,0.790478,0.260983
367,0.999727,0.588132,0.790478,0.254059
368,0.999727,0.577404,0.790478,0.254037
369,0.999727,0.55324,0.790478,0.254634
370,0.999727,0.553715,0.790478,0.257655
371,0.999727,0.560391,0.790478,0.246944
372,0.999727,0.559845,0.790478,0.253121
373,0.999727,0.555256,0.790478,0.249174
374,0.999727,0.55883,0.790478,0.260624
375,0.999727,0.565096,0.790478,0.247334
376,0.999727,0.569504,0.790478,0.251444
377,0.999727,0.616161,0.790478,0.255031
378,0.999727,0.554653,0.790478,0.254609
379,0.999966,0.566881,0.790478,0.252253
380,0.999966,0.565644,0.790478,0.247177
381,0.999966,0.589127,0.790478,0.244358
382,0.999966,0.586497,0.790478,0.256712
383,0.999966,0.578285,0.790478,0.253088
384,0.999966,0.590258,0.790478,0.246836
385,0.999966,0.56224,0.790478,0.252586
386,0.999966,0.560776,0.790478,0.257752
387,0.999966,0.588442,0.790478,0.250984
388,0.999966,0.578642,0.790478,0.244157
389,0.999966,0.538373,0.790478,0.243956
390,0.999966,0.560889,0.790478,0.245454
391,0.999966,0.575866,0.790478,0.245761
392,0.999966,0.56938,0.790478,0.243616
393,0.999966,0.549779,0.790478,0.247745
394,0.999966,0.562232,0.790478,0.250841
395,0.999966,0.562733,0.790478,0.259415
396,0.999966,0.563105,0.790478,0.255103
397,0.999966,0.555408,0.790478,0.242791
398,0.999966,0.573159,0.790478,0.244579
399,0.999966,0.576815,0.790478,0.250753
400,0.999966,0.597084,0.790478,0.250678
401,0.999966,0.589853,0.790478,0.250646
402,0.999966,0.57925,0.790478,0.243754
403,0.999966,0.604074,0.790478,0.254183
404,0.999966,0.579799,0.790478,0.254212
405,0.999966,0.598967,0.790478,0.246295
406,0.999966,0.583633,0.790478,0.244846
407,0.999966,0.57085,0.790478,0.253542
408,0.999966,0.589233,0.790478,0.247263
409,0.999966,0.553483,0.790478,0.246506
410,0.999966,0.569177,0.790478,0.247664
411,0.999966,0.560914,0.790478,0.242644
412,0.999966,0.577607,0.790478,0.249702
413,0.999966,0.584862,0.790478,0.263565
414,0.999966,0.602313,0.790478,0.244897
415,0.999966,0.585584,0.790478,0.24611
416,0.999966,0.612245,0.790478,0.244557
417,0.999966,0.601975,0.790478,0.251631
418,0.999966,0.565447,0.790478,0.25735
419,0.999966,0.573104,0.790478,0.247031
420,0.999966,0.60158,0.790478,0.254023
421,0.999966,0.561079,0.790478,0.256688
422,0.999966,0.581111,0.790478,0.257959
423,0.999966,0.582555,0.790478,0.24987
424,0.999966,0.573807,0.790478,0.250791
425,0.999976,0.617097,0.790478,0.258122
426,0.999976,0.57606,0.790478,0.248369
427,0.999976,0.551838,0.790478,0.252883
428,0.999976,0.59703,0.790478,0.242421
429,0.999976,0.627221,0.790478,0.254299
430,0.999976,0.619402,0.790478,0.254916
431,0.999976,0.57812,0.790478,0.247118
432,0.999976,0.588641,0.790478,0.237303
433,0.999976,0.572351,0.790478,0.250444
434,0.999976,0.585059,0.790478,0.252751
435,0.999976,0.563524,0.790478,0.250927
436,0.999976,0.563938,0.790478,0.264211
437,0.999976,0.558493,0.790478,0.247091
438,0.999976,0.589054,0.790478,0.253937
439,0.999976,0.584157,0.790478,0.246322
440,0.999976,0.588295,0.790478,0.250856
441,0.999976,0.579848,0.790478,0.25352
442,0.999976,0.564797,0.790478,0.24514
443,0.999976,0.578563,0.790478,0.248987
444,0.999976,0.617555,0.790478,0.253548
445,0.999976,0.598094,0.790478,0.24413
446,0.999976,0.564374,0.790478,0.245026
447,0.999976,0.568836,0.790478,0.259491
448,0.999976,0.61238,0.790478,0.250673
449,0.999976,0.572378,0.790478,0.240607
450,0.999976,0.546403,0.790478,0.251412
451,0.999976,0.572246,0.790478,0.254397
452,0.999976,0.581271,0.790478,0.257883
453,0.999976,0.595656,0.790478,0.24719
454,0.999976,0.568169,0.790478,0.245359
455,0.999976,0.580584,0.790478,0.246562
456,0.999976,0.612199,0.790478,0.247122
457,0.999976,0.602281,0.790478,0.24258
458,0.999976,0.571741,0.790478,0.253363
459,0.999976,0.622932,0.790478,0.245323
460,0.999976,0.542806,0.790478,0.251584
461,0.999976,0.60771,0.790478,0.251454
462,0.999976,0.596066,0.790478,0.257193
463,0.999976,0.576212,0.790478,0.245551
464,0.999976,0.600326,0.790478,0.254052
465,0.999978,0.604805,0.790478,0.255681
466,0.999978,0.612704,0.790478,0.246258
467,0.999978,0.583683,0.790478,0.242704
468,0.999978,0.583885,0.790478,0.259775
469,0.999978,0.589292,0.790478,0.247599
470,0.999978,0.597662,0.790478,0.247382
471,0.999978,0.569309,0.790478,0.25284
472,0.999978,0.577474,0.790478,0.248405
473,0.999978,0.568773,0.790478,0.256163
474,0.999978,0.564583,0.790478,0.25412
475,0.999978,0.552173,0.790478,0.251591
476,0.999978,0.599686,0.790478,0.248886
477,0.999978,0.587689,0.790478,0.24925
478,0.999978,0.607204,0.790478,0.25304
479,0.999978,0.607373,0.790478,0.24992
480,0.999978,0.610233,0.790478,0.250755
481,0.999978,0.581531,0.790478,0.251367
482,0.999978,0.588087,0.790478,0.255013
483,0.999978,0.588483,0.790478,0.244278
484,0.999978,0.564781,0.790478,0.253461
485,0.999978,0.603845,0.794229,0.25178
486,0.999978,0.594002,0.794229,0.252883
487,0.999978,0.579688,0.794229,0.253326
488,0.999978,0.614098,0.794229,0.256076
489,0.999978,0.591211,0.794229,0.233985
490,0.999978,0.586121,0.794229,0.250089
491,0.999978,0.625515,0.794229,0.254032
492,0.999978,0.617179,0.794229,0.257977
493,0.999978,0.602359,0.794229,0.246577
494,0.999978,0.57944,0.794229,0.246789
495,0.999978,0.577627,0.794229,0.259959
496,0.999978,0.567662,0.794229,0.257174
497,0.999978,0.570081,0.794229,0.254958
498,0.999978,0.574535,0.794229,0.248522
499,0.999978,0.581979,0.794229,0.251384
500,0.999978,0.588504,0.794229,0.253072
501,0.999978,0.605751,0.794229,0.245352
502,0.999978,0.584953,0.794229,0.244841
503,0.999978,0.59846,0.794229,0.249118
504,0.999978,0.561233,0.794229,0.255362
505,0.999978,0.567096,0.794229,0.254715
506,0.999978,0.558059,0.794229,0.244464
507,0.999978,0.606937,0.794229,0.252713
508,0.999978,0.61526,0.794229,0.258342
509,0.999978,0.614787,0.794229,0.254661
510,0.999978,0.61033,0.794229,0.258367
511,0.999978,0.578949,0.794229,0.251155
512,0.999978,0.583821,0.794229,0.250699
513,0.999978,0.56621,0.794229,0.259393
514,0.999978,0.592112,0.794229,0.24131
515,0.999978,0.576051,0.794229,0.254937
516,0.999978,0.582576,0.794229,0.25309
517,0.999978,0.550411,0.794229,0.254575
518,0.999978,0.591605,0.794229,0.248599
519,0.999978,0.585506,0.794229,0.25822
520,0.999978,0.597436,0.794229,0.243099
521,0.999978,0.605382,0.794229,0.249618
522,0.999978,0.596455,0.794229,0.247888
523,0.999978,0.562057,0.794229,0.244614
524,0.999978,0.556356,0.794229,0.250237
525,0.999978,0.592192,0.794229,0.252358
526,0.999979,0.58952,0.794229,0.248487
527,0.999979,0.600106,0.794229,0.241848
528,0.999979,0.581091,0.794229,0.255582
529,0.999979,0.609692,0.794229,0.254765
530,0.999979,0.589315,0.794229,0.253493
531,0.999979,0.576943,0.794229,0.254497
532,0.999979,0.587648,0.794229,0.247058
533,0.999979,0.56311,0.794229,0.248772
534,0.999979,0.595988,0.794229,0.245263
535,0.999979,0.59368,0.794229,0.243961
536,0.999979,0.584342,0.794229,0.253862
537,0.999979,0.61051,0.794229,0.247361
538,0.999979,0.595992,0.794229,0.248032
539,0.999979,0.57631,0.794229,0.253267
540,0.99998,0.553075,0.794229,0.252066
541,0.99998,0.561249,0.794229,0.243868
542,0.99998,0.585757,0.794229,0.249489
543,0.99998,0.551744,0.794229,0.257951
544,0.99998,0.607822,0.794229,0.252899
545,0.99998,0.57656,0.794229,0.247529
546,0.99998,0.57978,0.794229,0.24976
547,0.99998,0.570061,0.794229,0.2447
548,0.99998,0.582251,0.794229,0.257706
549,0.99998,0.555978,0.794229,0.257287
550,0.99998,0.584204,0.794229,0.247737
551,0.99998,0.608514,0.794229,0.245861
552,0.99998,0.584461,0.794229,0.25724
553,0.99998,0.585458,0.794229,0.251211
554,0.99998,0.569689,0.794229,0.255039
555,0.99998,0.549251,0.794229,0.247337
556,0.99998,0.592418,0.794229,0.249474
557,0.99998,0.568203,0.794229,0.246808
558,0.99998,0.584498,0.794229,0.254087
559,0.99998,0.617562,0.794229,0.247183
560,0.99998,0.57929,0.794229,0.261672
561,0.99998,0.597289,0.794229,0.25473
562,0.99998,0.592843,0.794229,0.248739
563,0.99998,0.605645,0.794229,0.247719
564,0.99998,0.598151,0.794229,0.244573
565,0.99998,0.571751,0.794229,0.252272
566,0.99998,0.568422,0.794229,0.242314
567,0.99998,0.569932,0.794229,0.245013
568,0.99998,0.583489,0.794229,0.255945
569,0.99998,0.603888,0.794229,0.248124
570,0.99998,0.567943,0.794229,0.252658
571,0.99998,0.560333,0.794229,0.252003
572,0.99998,0.612391,0.794229,0.246296
573,0.99998,0.561579,0.794229,0.243993
574,0.99998,0.600942,0.794229,0.250043
575,0.99998,0.610537,0.794229,0.248914
576,0.99998,0.561835,0.794229,0.247093
577,0.99998,0.615298,0.794229,0.242693
578,0.99998,0.565883,0.794229,0.249794
579,0.99998,0.602055,0.794229,0.248593
580,0.99998,0.594854,0.794229,0.255379
581,0.99998,0.581259,0.794229,0.257458
582,0.99998,0.557198,0.794229,0.257612
583,0.99998,0.584177,0.794229,0.254576
584,0.99998,0.595317,0.794229,0.2514
585,0.99998,0.607149,0.794229,0.255895
586,0.99998,0.575356,0.794229,0.249377
587,0.99998,0.603057,0.794229,0.243276
588,0.99998,0.596478,0.794229,0.24207
589,0.99998,0.578856,0.794229,0.25248
590,0.99998,0.569262,0.794229,0.249738
591,0.99998,0.593872,0.794229,0.258144
592,0.99998,0.548146,0.794229,0.252377
593,0.99998,0.56886,0.794229,0.247136
594,0.99998,0.575155,0.794229,0.245538
595,0.99998,0.587954,0.794229,0.253003
596,0.99998,0.590462,0.794229,0.257318
597,0.99998,0.563652,0.794229,0.253689
598,0.99998,0.587436,0.794229,0.251533
599,0.99998,0.589795,0.794229,0.257522
600,0.99998,0.563756,0.794229,0.251918
601,0.99998,0.582185,0.794229,0.24982
602,0.99998,0.571091,0.794229,0.242734
603,0.99998,0.588335,0.794229,0.236892
604,0.99998,0.577702,0.794229,0.252336
605,0.99998,0.61709,0.794229,0.248441
606,0.99998,0.554551,0.794229,0.246553
607,0.99998,0.608078,0.794229,0.246038
608,0.99998,0.560455,0.794229,0.239965
609,0.99998,0.598193,0.794229,0.242503
610,0.99998,0.581178,0.794229,0.247078
611,0.99998,0.624773,0.794229,0.251147
612,0.99998,0.592656,0.794229,0.242711
613,0.99998,0.622536,0.794229,0.249027
614,0.99998,0.579699,0.794229,0.246822
615,0.99998,0.595438,0.794229,0.247246
616,0.99998,0.572858,0.794229,0.238216
617,0.99998,0.605757,0.794229,0.259126
618,0.99998,0.570787,0.794229,0.242774
619,0.99998,0.589175,0.794229,0.253383
620,0.99998,0.581644,0.794229,0.255435
621,0.99998,0.556771,0.794229,0.250401
622,0.99998,0.592894,0.794229,0.250542
623,0.99998,0.617476,0.794229,0.246833
624,0.99998,0.583208,0.794229,0.249634
625,0.99998,0.570477,0.794229,0.249922
626,0.99998,0.580916,0.794229,0.253641
627,0.99998,0.558729,0.794229,0.249994
628,0.99998,0.632087,0.794229,0.24451
629,0.99998,0.587695,0.794229,0.258329
630,0.99998,0.565253,0.794229,0.255746
631,0.99998,0.57979,0.794229,0.254153
632,0.99998,0.57754,0.794229,0.25079
633,0.99998,0.556974,0.794229,0.246261
634,0.99998,0.585072,0.794229,0.255574
635,0.99998,0.547303,0.794229,0.252895
636,0.99998,0.562459,0.794229,0.249619
637,0.99998,0.554373,0.794229,0.255976
638,0.99998,0.575612,0.794229,0.240696
639,0.99998,0.607734,0.794229,0.25255
640,0.99998,0.60886,0.794229,0.25057
641,0.99998,0.590306,0.794229,0.243142
642,0.99998,0.599328,0.794229,0.248718
643,0.99998,0.573372,0.794229,0.243005
644,0.99998,0.585181,0.794229,0.254294
645,0.99998,0.601013,0.794229,0.253707
646,0.99998,0.581394,0.794229,0.248508
647,0.99998,0.559672,0.794229,0.243417
648,0.99998,0.557985,0.794229,0.24609
649,0.99998,0.563336,0.794229,0.249255
650,0.99998,0.562623,0.794229,0.253663
651,0.99998,0.563569,0.794229,0.257401
652,0.99998,0.557726,0.794229,0.257282
653,0.99998,0.591793,0.794229,0.253225
654,0.99998,0.618846,0.794229,0.257638
655,0.99998,0.603428,0.794229,0.249504
656,0.99998,0.618498,0.794229,0.252266
657,0.99998,0.578277,0.794229,0.253595
658,0.99998,0.581557,0.794229,0.252237
659,0.99998,0.588758,0.794229,0.253091
660,0.99998,0.58326,0.794229,0.246315
661,0.99998,0.565113,0.794229,0.249069
662,0.99998,0.55702,0.794229,0.253786
663,0.99998,0.565316,0.794229,0.254572
664,0.99998,0.63431,0.794229,0.258167
665,0.99998,0.579055,0.794229,0.247638
666,0.99998,0.608452,0.794229,0.240078
667,0.99998,0.563066,0.794229,0.250161
668,0.99998,0.599972,0.794229,0.246177
669,0.99998,0.594111,0.794229,0.253598
670,0.99998,0.568141,0.794229,0.254705
671,0.99998,0.570224,0.794229,0.247416
672,0.99998,0.576851,0.794229,0.239495
673,0.99998,0.578926,0.794229,0.25218
674,0.99998,0.594221,0.794229,0.251408
675,0.99998,0.584134,0.794229,0.25138
676,0.99998,0.567016,0.794229,0.254125
677,0.99998,0.569305,0.794229,0.255574
678,0.99998,0.547685,0.794229,0.253401
679,0.99998,0.576601,0.794229,0.253282
680,0.99998,0.601378,0.794229,0.25162
681,0.99998,0.586654,0.794229,0.25168
682,0.99998,0.587334,0.794229,0.256332
683,0.99998,0.548569,0.794229,0.255107
684,0.99998,0.576267,0.794229,0.256145
685,0.99998,0.593487,0.794229,0.257089
686,0.99998,0.601685,0.794229,0.249353
687,0.99998,0.608123,0.794229,0.251305
688,0.99998,0.56997,0.794229,0.253796
689,0.99998,0.574361,0.794229,0.244997
690,0.99998,0.579387,0.794229,0.260711
691,0.99998,0.597868,0.794229,0.254543
692,0.99998,0.587648,0.794229,0.255248
693,0.99998,0.577412,0.794229,0.250393
694,0.99998,0.608317,0.794229,0.256446
695,0.99998,0.580936,0.794229,0.257281
696,0.99998,0.567069,0.794229,0.243897
697,0.99998,0.538467,0.794229,0.245919
698,0.99998,0.57635,0.794229,0.249008
699,0.99998,0.572999,0.794229,0.253844
700,0.99998,0.587333,0.794229,0.249521
701,0.99998,0.613941,0.794229,0.242707
702,0.99998,0.598838,0.794229,0.246696
703,0.99998,0.61964,0.794229,0.248239
704,0.99998,0.579259,0.794229,0.255206
705,0.99998,0.565334,0.794229,0.251111
706,0.99998,0.598169,0.794229,0.25611
707,0.99998,0.551744,0.794229,0.251209
708,0.99998,0.547336,0.794229,0.247283
709,0.99998,0.564473,0.794229,0.24741
710,0.99998,0.571943,0.794229,0.249419
711,0.99998,0.590035,0.794229,0.248397
712,0.99998,0.574966,0.794229,0.251218
713,0.99998,0.560779,0.794229,0.2453
714,0.99998,0.572462,0.794229,0.247041
715,0.99998,0.580482,0.794229,0.242333
716,0.99998,0.581465,0.794229,0.251356
717,0.99998,0.573738,0.794229,0.249347
718,0.99998,0.56433,0.794229,0.2506
719,0.99998,0.589578,0.794229,0.249033
720,0.99998,0.589812,0.794229,0.248177
721,0.99998,0.578123,0.794229,0.251381
722,0.99998,0.580129,0.794229,0.251851
723,0.99998,0.582299,0.794229,0.258498
724,0.99998,0.587757,0.794229,0.240818
725,0.99998,0.563209,0.794229,0.252375
726,0.99998,0.578018,0.794229,0.245739
727,0.99998,0.559228,0.794229,0.254248
728,0.99998,0.56315,0.794229,0.252443
729,0.99998,0.560325,0.794229,0.251683
730,0.99998,0.563471,0.794229,0.246985
731,0.99998,0.566423,0.794229,0.250195
732,0.99998,0.579577,0.794229,0.244791
733,0.99998,0.557501,0.794229,0.251909
734,0.99998,0.576241,0.794229,0.247181
735,0.99998,0.582829,0.794229,0.256716
736,0.99998,0.560603,0.794229,0.257906
737,0.99998,0.554593,0.794229,0.259597
738,0.99998,0.554775,0.794229,0.247392
739,0.99998,0.589073,0.794229,0.255017
740,0.99998,0.594749,0.794229,0.248238
741,0.99998,0.588228,0.794229,0.244184
742,0.99998,0.575334,0.794229,0.251087
743,0.99998,0.579891,0.794229,0.245811
744,0.99998,0.582707,0.794229,0.243375
745,0.99998,0.567652,0.794229,0.256053
746,0.99998,0.583273,0.794229,0.246077
747,0.99998,0.55842,0.794229,0.257912
748,0.99998,0.576375,0.794229,0.248737
749,0.99998,0.561382,0.794229,0.251603
750,0.99998,0.583048,0.794229,0.255313
751,0.99998,0.58093,0.794229,0.253183
752,0.99998,0.555961,0.794229,0.257175
753,0.99998,0.589301,0.794229,0.250131
754,0.99998,0.58855,0.794229,0.244725
755,0.99998,0.593611,0.794229,0.251607
756,0.99998,0.600526,0.794229,0.250305
757,0.99998,0.594724,0.794229,0.251122
758,0.99998,0.605452,0.794229,0.256042
759,0.99998,0.589606,0.794229,0.248799
760,0.99998,0.57037,0.794229,0.25212
761,0.99998,0.565552,0.794229,0.251775
762,0.99998,0.554383,0.794229,0.249502
763,0.99998,0.583529,0.794229,0.244777
764,0.99998,0.57649,0.794229,0.254465
765,0.99998,0.570549,0.794229,0.255376
766,0.99998,0.577384,0.794229,0.247215
767,0.99998,0.561535,0.794229,0.248692
768,0.99998,0.528843,0.794229,0.248064
769,0.99998,0.567508,0.794229,0.250233
770,0.99998,0.562352,0.794229,0.253697
771,0.99998,0.551045,0.794229,0.245577
772,0.99998,0.560068,0.794229,0.246088
773,0.99998,0.57123,0.794229,0.245098
774,0.99998,0.555159,0.794229,0.245499
775,0.99998,0.537207,0.794229,0.253376
776,0.99998,0.578682,0.794229,0.252011
777,0.99998,0.598619,0.794229,0.254276
778,0.99998,0.553951,0.794229,0.253259
779,0.99998,0.545285,0.794229,0.250448
780,0.99998,0.565901,0.794229,0.253432
781,0.99998,0.606391,0.794229,0.256347
782,0.99998,0.598356,0.794229,0.250893
783,0.99998,0.580821,0.794229,0.257813
784,0.99998,0.550787,0.794229,0.249205
785,0.99998,0.579711,0.794229,0.249214
786,0.99998,0.575407,0.794229,0.245271
787,0.99998,0.583807,0.794229,0.24245
788,0.99998,0.590685,0.794229,0.24382
789,0.99998,0.622315,0.794229,0.256552
790,0.99998,0.609182,0.794229,0.248208
791,0.99998,0.583272,0.794229,0.252927
792,0.99998,0.551456,0.794229,0.249926
793,0.99998,0.572592,0.794229,0.248201
794,0.99998,0.566328,0.794229,0.254076
795,0.99998,0.562111,0.794229,0.25046
796,0.99998,0.576549,0.794229,0.25893
797,0.99998,0.555536,0.794229,0.249051
798,0.99998,0.57359,0.794229,0.242097
799,0.99998,0.567191,0.794229,0.245586
800,0.99998,0.562618,0.794229,0.248587
801,0.99998,0.571443,0.794229,0.242534
802,0.99998,0.571657,0.794229,0.250268
803,0.99998,0.585578,0.794229,0.258483
804,0.99998,0.60027,0.794229,0.255794
805,0.99998,0.561473,0.794229,0.246853
806,0.99998,0.58934,0.794229,0.24788
807,0.99998,0.562066,0.794229,0.256704
808,0.99998,0.557528,0.794229,0.245439
809,0.99998,0.553542,0.794229,0.244701
810,0.99998,0.581308,0.794229,0.251913
811,0.99998,0.572145,0.794229,0.248621
812,0.99998,0.568028,0.794229,0.25547
813,0.99998,0.582493,0.794229,0.254461
814,0.99998,0.58674,0.794229,0.251739
815,0.99998,0.562614,0.794229,0.247985
816,0.99998,0.566951,0.794229,0.252175
817,0.99998,0.60641,0.794229,0.251827
818,0.99998,0.602902,0.794229,0.248117
819,0.99998,0.568049,0.794229,0.247321
820,0.99998,0.55348,0.794229,0.248697
821,0.99998,0.582393,0.794229,0.250329
822,0.99998,0.587121,0.794229,0.252042
823,0.99998,0.574259,0.794229,0.246973
824,0.99998,0.571523,0.794229,0.252543
825,0.99998,0.580706,0.794229,0.256242
826,0.99998,0.569198,0.794229,0.256414
827,0.99998,0.578178,0.794229,0.246695
828,0.99998,0.5717,0.794229,0.253143
829,0.99998,0.528229,0.794229,0.24244
830,0.99998,0.547001,0.794229,0.253236
831,0.99998,0.571717,0.794229,0.241122
832,0.99998,0.578813,0.794229,0.263681
833,0.99998,0.594157,0.794229,0.251841
834,0.99998,0.567769,0.794229,0.252226
835,0.99998,0.535,0.794229,0.250542
836,0.99998,0.606367,0.794229,0.252572
837,0.99998,0.582589,0.794229,0.250299
838,0.99998,0.573954,0.794229,0.252205
839,0.99998,0.583124,0.794229,0.252082
840,0.99998,0.571559,0.794229,0.247641
841,0.99998,0.554502,0.794229,0.251592
842,0.99998,0.58138,0.794229,0.24882
843,0.99998,0.565432,0.794229,0.253477
844,0.99998,0.535268,0.794229,0.251457
845,0.999989,0.562336,0.794229,0.242675
846,0.999989,0.568359,0.794229,0.253786
847,0.999989,0.602292,0.794229,0.246368
848,0.999989,0.549331,0.794229,0.236407
849,0.999989,0.573438,0.794229,0.253311
850,0.999989,0.549665,0.794229,0.253319
851,0.999989,0.560183,0.794229,0.262193
852,0.999989,0.563406,0.794229,0.247403
853,0.999989,0.555622,0.794229,0.25278
854,0.999989,0.537305,0.794229,0.254822
855,0.999989,0.564746,0.794229,0.247107
856,0.999989,0.556895,0.794229,0.252986
857,0.999989,0.572547,0.794229,0.25187
858,0.999989,0.563666,0.794229,0.244494
859,0.999989,0.548903,0.794229,0.25341
860,0.999989,0.562914,0.794229,0.249384
861,0.999989,0.595122,0.794229,0.260441
862,0.999989,0.592869,0.794229,0.247585
863,0.999989,0.593509,0.794229,0.253036
864,0.999989,0.541378,0.794229,0.255434
865,0.999989,0.571506,0.794229,0.255019
866,0.999989,0.590192,0.794229,0.243438
867,0.999989,0.557538,0.794229,0.252221
868,0.999989,0.587308,0.794229,0.250683
869,0.999989,0.547259,0.794229,0.250649
870,0.999989,0.573416,0.794229,0.247205
871,0.999989,0.571885,0.794229,0.251052
872,0.999989,0.549722,0.794229,0.243423
873,0.999989,0.537504,0.794229,0.237106
874,0.999989,0.576658,0.794229,0.254918
875,0.999989,0.586435,0.794229,0.249799
876,0.999989,0.586402,0.794229,0.252341
877,0.999989,0.578249,0.794229,0.254703
878,0.999989,0.549625,0.794229,0.243818
879,0.999989,0.573027,0.794229,0.254035
880,0.999989,0.556769,0.794229,0.254351
881,0.999989,0.584547,0.794229,0.247439
882,0.999989,0.57843,0.794229,0.246165
883,0.999989,0.566823,0.794229,0.245087
884,0.999989,0.555327,0.794229,0.248723
885,0.999989,0.540975,0.794229,0.248678
886,0.999989,0.588042,0.794229,0.253747
887,0.999989,0.575511,0.794229,0.252583
888,0.999989,0.591051,0.794229,0.254793
889,0.999989,0.571946,0.794229,0.243417
890,0.999989,0.550459,0.794229,0.250269
891,0.999989,0.55506,0.794229,0.257608
892,0.999989,0.581257,0.794229,0.250559
893,0.999989,0.566001,0.794229,0.252505
894,0.999989,0.572017,0.794229,0.244306
895,0.999989,0.551777,0.794229,0.265783
896,0.999989,0.591456,0.794229,0.25215
897,0.999989,0.599781,0.794229,0.251257
898,0.999989,0.588826,0.794229,0.249789
899,0.999989,0.571526,0.794229,0.257211
900,0.999989,0.552006,0.794229,0.253575
901,0.999989,0.54492,0.794229,0.240795
902,0.999989,0.549056,0.794229,0.258953
903,0.999989,0.568697,0.794229,0.258773
904,0.999989,0.560343,0.794229,0.247769
905,0.999989,0.576108,0.794229,0.248323
906,0.999989,0.580688,0.794229,0.247883
907,0.999989,0.54923,0.794229,0.246626
908,0.999989,0.561749,0.794229,0.248744
909,0.999989,0.560211,0.794229,0.257906
910,0.999989,0.559189,0.794229,0.259359
911,0.999989,0.569531,0.794229,0.262152
912,0.999989,0.546881,0.794229,0.260372
913,0.999989,0.5388,0.794229,0.244606
914,0.999989,0.617069,0.794229,0.251508
915,0.999989,0.538721,0.794229,0.250837
916,0.999989,0.571757,0.794229,0.252815
917,0.99999,0.579235,0.794229,0.255452
918,0.99999,0.592683,0.794229,0.257687
919,0.99999,0.600857,0.794229,0.25248
920,0.99999,0.587229,0.794229,0.242849
921,0.99999,0.562488,0.794229,0.253236
922,0.99999,0.583254,0.794229,0.252398
923,0.99999,0.582467,0.794229,0.251976
924,0.99999,0.545803,0.794229,0.247374
925,0.99999,0.54617,0.794229,0.250141
926,0.99999,0.564382,0.794229,0.243494
927,0.99999,0.591073,0.794229,0.247371
928,0.99999,0.600487,0.794229,0.256961
929,0.99999,0.580587,0.794229,0.251842
930,0.999994,0.572267,0.794229,0.251492
931,0.999994,0.566293,0.794229,0.254244
932,0.999994,0.558469,0.794229,0.252827
933,0.999994,0.578001,0.794229,0.253947
934,0.999994,0.585309,0.794229,0.252406
935,0.999994,0.557942,0.794229,0.24528
936,0.999994,0.542088,0.794229,0.24494
937,0.999994,0.537152,0.794229,0.251866
938,0.999994,0.543569,0.794229,0.245686
939,0.999994,0.544973,0.794229,0.248666
940,0.999994,0.572926,0.794229,0.258678
941,0.999994,0.562743,0.794229,0.246858
942,0.999994,0.566176,0.794229,0.252057
943,0.999994,0.566028,0.794229,0.24942
944,0.999994,0.556157,0.794229,0.254509
945,0.999994,0.537686,0.794229,0.257386
946,0.999994,0.594937,0.794229,0.245244
947,0.999994,0.580167,0.794229,0.245115
948,0.999994,0.55978,0.794229,0.251381
949,0.999994,0.570235,0.794229,0.25237
950,0.999994,0.59382,0.794229,0.259304
951,0.999994,0.579729,0.794229,0.257656
952,0.999994,0.563827,0.794229,0.248662
953,0.999994,0.566522,0.794229,0.255555
954,0.999994,0.543517,0.794229,0.246613
955,0.999994,0.546827,0.794229,0.257191
956,0.999994,0.554893,0.794229,0.25958
957,0.999994,0.536203,0.794229,0.25293
958,0.999994,0.605415,0.794229,0.242464
959,0.999994,0.570864,0.794229,0.248597
960,0.999994,0.519213,0.794229,0.252017
961,0.999994,0.51378,0.794229,0.253106
962,0.999994,0.568336,0.794229,0.246297
963,0.999994,0.580749,0.794229,0.248468
964,0.999994,0.559924,0.794229,0.254749
965,0.999994,0.538224,0.794229,0.25057
966,0.999994,0.588675,0.794229,0.253173
967,0.999994,0.576784,0.794229,0.246087
968,0.999994,0.578085,0.794229,0.248775
969,0.999994,0.60405,0.794229,0.252862
970,0.999994,0.588858,0.794229,0.258754
971,0.999994,0.552461,0.794229,0.256944
972,0.999994,0.567953,0.794229,0.240907
973,0.999994,0.563506,0.794229,0.24597
974,0.999994,0.571885,0.794229,0.25167
975,0.999994,0.563456,0.794229,0.250981
976,0.999994,0.572713,0.794229,0.24305
977,0.999994,0.572377,0.794229,0.243582
978,0.999994,0.570007,0.794229,0.24737
979,0.999994,0.555404,0.794229,0.254319
980,0.999994,0.583103,0.794229,0.242269
981,0.999994,0.596628,0.794229,0.248173
982,0.999994,0.563763,0.794229,0.250738
983,0.999994,0.553867,0.794229,0.262625
984,0.999994,0.594447,0.794229,0.258517
985,0.999994,0.566069,0.794229,0.249834
986,0.999994,0.565866,0.794229,0.239634
987,0.999994,0.594818,0.794229,0.247223
988,0.999994,0.561465,0.794229,0.25223
989,0.999994,0.590274,0.794229,0.252557
990,0.999994,0.568606,0.794229,0.255868
991,0.999994,0.587431,0.794229,0.251159
992,0.999994,0.571318,0.794229,0.244134
993,0.999994,0.562568,0.794229,0.25855
994,0.999994,0.545861,0.794229,0.245209
995,0.999994,0.570313,0.794229,0.248987
996,0.999994,0.56161,0.794229,0.25502
997,0.999994,0.585794,0.794229,0.251793
998,0.999996,0.563486,0.794229,0.251754
999,0.999996,0.554405,0.794229,0.247858
1000,0.999996,0.593663,0.794229,0.253072
1001,0.999996,0.548205,0.794229,0.245352
1002,0.999996,0.591288,0.794229,0.244841
1003,0.999996,0.611318,0.794229,0.249118
1004,0.999996,0.58997,0.794229,0.255362
1005,0.999996,0.562031,0.794229,0.254715
1006,0.999996,0.582414,0.794229,0.244464
1007,0.999996,0.570262,0.794229,0.252713
1008,0.999996,0.561722,0.794229,0.258342
1009,0.999996,0.562785,0.794229,0.254661
1010,0.999996,0.557302,0.794229,0.258367
1011,0.999996,0.585106,0.794229,0.251155
1012,0.999996,0.558181,0.794229,0.250699
1013,0.999996,0.569682,0.794229,0.259393
1014,0.999996,0.579157,0.794229,0.24131
1015,0.999996,0.599982,0.794229,0.254937
1016,0.999996,0.57316,0.794229,0.25309
1017,0.999996,0.564013,0.794229,0.254575
1018,0.999996,0.570972,0.794229,0.248599
1019,0.999996,0.570071,0.794229,0.25822
1020,0.999996,0.554729,0.794229,0.243099
1021,0.999996,0.587713,0.794229,0.249618
1022,0.999996,0.560391,0.794229,0.247888
1023,0.999996,0.555817,0.794229,0.244614
1024,0.999996,0.563357,0.794229,0.250237
1025,0.999996,0.576849,0.794229,0.252358
1026,0.999996,0.56969,0.794229,0.248487
1027,0.999996,0.55559,0.794229,0.241848
1028,0.999996,0.547864,0.794229,0.255582
1029,0.999996,0.585656,0.794229,0.254765
1030,0.999996,0.59307,0.794229,0.253493
1031,0.999996,0.599231,0.794229,0.254497
1032,0.999996,0.575666,0.794229,0.247058
1033,0.999996,0.559836,0.794229,0.248772
1034,0.999996,0.552718,0.794229,0.245263
1035,0.999996,0.597717,0.794229,0.243961
1036,0.999996,0.592943,0.794229,0.253862
1037,0.999996,0.583237,0.794229,0.247361
1038,0.999996,0.585436,0.794229,0.248032
1039,0.999996,0.587984,0.794229,0.253267
1040,0.999996,0.585213,0.794229,0.252066
1041,0.999996,0.606625,0.794229,0.243868
1042,0.999996,0.572149,0.794229,0.249489
1043,0.999996,0.57276,0.794229,0.257951
1044,0.999996,0.567274,0.794229,0.252899
1045,0.999996,0.596,0.794229,0.247529
1046,0.999996,0.580927,0.794229,0.24976
1047,0.999997,0.58574,0.794229,0.2447
1048,0.999997,0.595571,0.794229,0.257706
1049,0.999997,0.579366,0.794229,0.257287
1050,0.999997,0.554716,0.794229,0.247737
1051,0.999997,0.566048,0.794229,0.245861
1052,0.999997,0.597057,0.794229,0.25724
1053,0.999997,0.580883,0.794229,0.251211
1054,0.999997,0.58044,0.794229,0.255039
1055,0.999997,0.598813,0.794229,0.247337
1056,0.999997,0.583685,0.794229,0.249474
1057,0.999997,0.543996,0.794229,0.246808
1058,0.999997,0.601925,0.794229,0.254087
1059,0.999997,0.555792,0.794229,0.247183
1060,0.999997,0.580029,0.794229,0.261672
1061,0.999997,0.546025,0.794229,0.25473
1062,0.999997,0.591654,0.794229,0.248739
1063,0.999997,0.59271,0.794229,0.247719
1064,0.999997,0.578774,0.794229,0.244573
1065,0.999997,0.588443,0.794229,0.252272
1066,0.999997,0.575387,0.794229,0.242314
1067,0.999997,0.571342,0.794229,0.245013
1068,0.999997,0.625145,0.794229,0.255945
1069,0.999997,0.578717,0.794229,0.248124
1070,0.999997,0.57717,0.794229,0.252658
1071,0.999997,0.563355,0.794229,0.252003
1072,0.999997,0.589938,0.794229,0.246296
1073,0.999997,0.562144,0.794229,0.243993
1074,0.999997,0.579147,0.794229,0.250043
1075,0.999997,0.606542,0.794229,0.248914
1076,0.999997,0.569028,0.794229,0.247093
1077,0.999997,0.566733,0.794229,0.242693
1078,0.999997,0.568783,0.794229,0.249794
1079,0.999997,0.579309,0.794229,0.248593
1080,0.999997,0.588495,0.794229,0.255379
1081,0.999997,0.567751,0.794229,0.257458
1082,0.999997,0.601713,0.794229,0.257612
1083,0.999997,0.64038,0.794229,0.254576
1084,0.999997,0.60387,0.794229,0.2514
1085,0.999997,0.601755,0.794229,0.255895
1086,0.999997,0.584114,0.794229,0.249377
1087,0.999997,0.607793,0.794229,0.243276
1088,0.999997,0.591865,0.794229,0.24207
1089,0.999997,0.614421,0.794229,0.25248
1090,0.999997,0.575753,0.794229,0.249738
1091,0.999997,0.574188,0.794229,0.258144
1092,0.999997,0.601178,0.794229,0.252377
1093,0.999997,0.61971,0.794229,0.247136
1094,0.999997,0.582729,0.794229,0.245538
1095,0.999997,0.575725,0.794229,0.253003
1096,0.999997,0.553043,0.794229,0.257318
1097,0.999997,0.591723,0.794229,0.253689
1098,0.999997,0.589024,0.794229,0.251533
1099,0.999997,0.596677,0.794229,0.257522
1100,0.999997,0.568137,0.794229,0.251918
1101,0.999997,0.574005,0.794229,0.24982
1102,0.999997,0.603868,0.794229,0.242734
1103,0.999997,0.616319,0.794229,0.236892
1104,0.999997,0.567772,0.794229,0.252336
1105,0.999997,0.569219,0.794229,0.248441
1106,0.999997,0.565521,0.794229,0.246553
1107,0.999997,0.556657,0.794229,0.246038
1108,0.999997,0.581169,0.794229,0.239965
1109,0.999997,0.568788,0.794229,0.242503
1110,0.999997,0.585267,0.794229,0.247078
1111,0.999997,0.584296,0.794229,0.251147
1112,0.999997,0.608122,0.794229,0.242711
1113,0.999997,0.578621,0.794229,0.249027
1114,0.999997,0.566055,0.794229,0.246822
1115,0.999997,0.582868,0.794229,0.247246
1116,0.999997,0.588259,0.794229,0.238216
1117,0.999997,0.579538,0.794229,0.259126
1118,0.999997,0.568203,0.794229,0.242774
1119,0.999997,0.564265,0.794229,0.253383
1120,0.999997,0.560943,0.794229,0.255435
1121,0.999997,0.564812,0.794229,0.250401
1122,0.999997,0.600995,0.794229,0.250542
1123,0.999997,0.581307,0.794229,0.246833
1124,0.999997,0.610468,0.794229,0.249634
1125,0.999997,0.555316,0.794229,0.249922
1126,0.999997,0.600041,0.794229,0.253641
1127,0.999997,0.589264,0.794229,0.249994
1128,0.999997,0.588086,0.794229,0.24451
1129,0.999997,0.572942,0.794229,0.258329
1130,0.999997,0.563169,0.794229,0.255746
1131,0.999997,0.559251,0.794229,0.254153
1132,0.999997,0.625213,0.794229,0.25079
1133,0.999997,0.55539,0.794229,0.246261
1134,0.999997,0.563252,0.794229,0.255574
1135,0.999997,0.589792,0.794229,0.252895
1136,0.999997,0.56494,0.794229,0.249619
1137,0.999997,0.575446,0.794229,0.255976
1138,0.999997,0.57134,0.794229,0.240696
1139,0.999997,0.567079,0.794229,0.25255
1140,0.999997,0.552767,0.794229,0.25057
1141,0.999997,0.547253,0.794229,0.243142
1142,0.999997,0.564289,0.794229,0.248718
1143,0.999997,0.551111,0.794229,0.243005
1144,0.999997,0.557766,0.794229,0.254294
1145,0.999997,0.566691,0.794229,0.253707
1146,0.999997,0.568262,0.794229,0.248508
1147,0.999997,0.592633,0.794229,0.243417
1148,0.999997,0.581164,0.794229,0.24609
1149,0.999997,0.596354,0.794229,0.249255
1150,0.999997,0.558056,0.794229,0.253663
1151,0.999997,0.60115,0.794229,0.257401
1152,0.999997,0.544829,0.794229,0.257282
1153,0.999997,0.586002,0.794229,0.253225
1154,0.999997,0.589304,0.794229,0.257638
1155,0.999997,0.579893,0.794229,0.249504
1156,0.999997,0.587848,0.794229,0.252266
1157,0.999997,0.577053,0.794229,0.253595
1158,0.999997,0.582853,0.794229,0.252237
1159,0.999997,0.562115,0.794229,0.253091
1160,0.999997,0.599008,0.794229,0.246315
1161,0.999997,0.600823,0.794229,0.249069
1162,0.999997,0.56239,0.794229,0.253786
1163,0.999997,0.591361,0.794229,0.254572
1164,0.999997,0.576339,0.794229,0.258167
1165,0.999997,0.556616,0.794229,0.247638
1166,0.999997,0.595373,0.794229,0.240078
1167,0.999997,0.587647,0.794229,0.250161
1168,0.999997,0.583112,0.794229,0.246177
1169,0.999997,0.594274,0.794229,0.253598
1170,0.999997,0.563309,0.794229,0.254705
1171,0.999997,0.548808,0.794229,0.247416
1172,0.999997,0.587788,0.794229,0.239495
1173,0.999997,0.552543,0.794229,0.25218
1174,0.999997,0.563024,0.794229,0.251408
1175,0.999997,0.534086,0.794229,0.25138
1176,0.999997,0.527881,0.794229,0.254125
1177,0.999997,0.579599,0.794229,0.255574
1178,0.999997,0.569455,0.794229,0.253401
1179,0.999997,0.586966,0.794229,0.253282
1180,0.999997,0.578463,0.794229,0.25162
1181,0.999997,0.582546,0.794229,0.25168
1182,0.999997,0.634028,0.794229,0.256332
1183,0.999997,0.573922,0.794229,0.255107
1184,0.999997,0.5817,0.794229,0.256145
1185,0.999998,0.551814,0.794229,0.257089
1186,0.999998,0.567736,0.794229,0.249353
1187,0.999998,0.58013,0.794229,0.251305
1188,0.999998,0.584836,0.794229,0.253796
1189,0.999998,0.571126,0.794229,0.244997
1190,0.999998,0.58424,0.794229,0.260711
1191,0.999998,0.572831,0.794229,0.254543
1192,0.999998,0.558311,0.794229,0.255248
1193,0.999998,0.591229,0.794229,0.250393
1194,0.999998,0.581354,0.794229,0.256446
1195,0.999998,0.604136,0.794229,0.257281
1196,0.999998,0.610058,0.794229,0.243897
1197,0.999998,0.632965,0.794229,0.245919
1198,0.999998,0.612386,0.794229,0.249008
1199,0.999998,0.605358,0.794229,0.253844
1200,0.999998,0.596422,0.794229,0.249521
1201,0.999998,0.596002,0.794229,0.242707
1202,0.999998,0.594446,0.794229,0.246696
1203,0.999998,0.590093,0.794229,0.248239
1204,0.999998,0.567257,0.794229,0.255206
1205,0.999998,0.586056,0.794229,0.251111
1206,0.999998,0.607407,0.794229,0.25611
1207,0.999998,0.59552,0.794229,0.251209
1208,0.999998,0.585352,0.794229,0.247283
1209,0.999998,0.590823,0.794229,0.24741
1210,0.999998,0.582075,0.794229,0.249419
1211,0.999998,0.600624,0.794229,0.248397
1212,0.999998,0.590934,0.794229,0.251218
1213,0.999998,0.594074,0.794229,0.2453
1214,0.999998,0.547143,0.794229,0.247041
1215,0.999998,0.575312,0.794229,0.242333
1216,0.999998,0.587851,0.794229,0.251356
1217,0.999998,0.560286,0.794229,0.249347
1218,0.999999,0.592763,0.794229,0.2506
1219,0.999999,0.549268,0.794229,0.249033
1220,0.999999,0.549615,0.794229,0.248177
1221,0.999999,0.577076,0.794229,0.251381
1222,0.999999,0.586988,0.794229,0.251851
1223,0.999999,0.607189,0.794229,0.258498
1224,0.999999,0.589896,0.794229,0.240818
1225,0.999999,0.576147,0.794229,0.252375
1226,0.999999,0.575418,0.794229,0.245739
1227,0.999999,0.561461,0.794229,0.254248
1228,0.999999,0.595869,0.794229,0.252443
1229,0.999999,0.576597,0.794229,0.251683
1230,0.999999,0.574659,0.794229,0.246985
1231,0.999999,0.572907,0.794229,0.250195
1232,0.999999,0.559313,0.794229,0.244791
1233,0.999999,0.568649,0.794229,0.251909
1234,0.999999,0.580817,0.794229,0.247181
1235,0.999999,0.586565,0.794229,0.256716
1236,0.999999,0.59096,0.794229,0.257906
1237,0.999999,0.566814,0.794229,0.259597
1238,0.999999,0.58051,0.794229,0.247392
1239,0.999999,0.549802,0.794229,0.255017
1240,0.999999,0.578109,0.794229,0.248238
1241,0.999999,0.575303,0.794229,0.244184
1242,0.999999,0.602574,0.794229,0.251087
1243,0.999999,0.598382,0.794229,0.245811
1244,0.999999,0.623223,0.794229,0.243375
1245,0.999999,0.576363,0.794229,0.256053
1246,0.999999,0.587666,0.794229,0.246077
1247,0.999999,0.552187,0.794229,0.257912
1248,0.999999,0.58177,0.794229,0.248737
1249,0.999999,0.594404,0.794229,0.251603
1250,0.999999,0.578308,0.794229,0.255313
1251,0.999999,0.562979,0.794229,0.253183
1252,0.999999,0.564736,0.794229,0.257175
1253,0.999999,0.597104,0.794229,0.250131
1254,0.999999,0.538131,0.794229,0.244725
1255,0.999999,0.56143,0.794229,0.251607
1256,0.999999,0.566047,0.794229,0.250305
1257,0.999999,0.594681,0.794229,0.251122
1258,0.999999,0.610763,0.794229,0.256042
1259,0.999999,0.554022,0.794229,0.248799
1260,0.999999,0.59116,0.794229,0.25212
1261,0.999999,0.609967,0.794229,0.251775
1262,0.999999,0.569779,0.794229,0.249502
1263,0.999999,0.571539,0.794229,0.244777
1264,0.999999,0.568949,0.794229,0.254465
1265,0.999999,0.566756,0.794229,0.255376
1266,0.999999,0.591116,0.794229,0.247215
1267,0.999999,0.572058,0.794229,0.248692
1268,0.999999,0.580855,0.794229,0.248064
1269,0.999999,0.558995,0.794229,0.250233
1270,0.999999,0.596915,0.794229,0.253697
1271,0.999999,0.57881,0.794229,0.245577
1272,0.999999,0.577821,0.794229,0.246088
1273,0.999999,0.567259,0.794229,0.245098
1274,0.999999,0.596566,0.794229,0.245499
1275,0.999999,0.546622,0.794229,0.253376
1276,0.999999,0.546085,0.794229,0.252011
1277,0.999999,0.579402,0.794229,0.254276
1278,0.999999,0.585766,0.794229,0.253259
1279,0.999999,0.568923,0.794229,0.250448
1280,0.999999,0.575756,0.794229,0.253432
1281,0.999999,0.566836,0.794229,0.256347
1282,0.999999,0.583854,0.794229,0.250893
1283,0.999999,0.566827,0.794229,0.257813
1284,0.999999,0.594856,0.794229,0.249205
1285,0.999999,0.60028,0.794229,0.249214
1286,0.999999,0.586651,0.794229,0.245271
1287,0.999999,0.596956,0.794229,0.24245
1288,0.999999,0.570288,0.794229,0.24382
1289,0.999999,0.571714,0.794229,0.256552
1290,0.999999,0.600059,0.794229,0.248208
1291,0.999999,0.61386,0.794229,0.252927
1292,0.999999,0.566032,0.794229,0.249926
1293,0.999999,0.577325,0.794229,0.248201
1294,0.999999,0.569705,0.794229,0.254076
1295,0.999999,0.618212,0.794229,0.25046
1296,0.999999,0.616547,0.794229,0.25893
1297,0.999999,0.624255,0.794229,0.249051
1298,0.999999,0.561663,0.794229,0.242097
1299,0.999999,0.569634,0.794229,0.245586
1300,0.999999,0.582561,0.794229,0.248587
1301,0.999999,0.574817,0.794229,0.242534
1302,0.999999,0.56566,0.794229,0.250268
1303,0.999999,0.580773,0.794229,0.258483
1304,0.999999,0.558099,0.794229,0.255794
1305,0.999999,0.578931,0.794229,0.246853
1306,0.999999,0.561692,0.794229,0.24788
1307,0.999999,0.569625,0.794229,0.256704
1308,0.999999,0.590097,0.794229,0.245439
1309,0.999999,0.58566,0.794229,0.244701
1310,0.999999,0.572007,0.794229,0.251913
1311,0.999999,0.592774,0.794229,0.248621
1312,0.999999,0.591661,0.794229,0.25547
1313,0.999999,0.602023,0.794229,0.254461
1314,0.999999,0.576279,0.794229,0.251739
1315,0.999999,0.564668,0.794229,0.247985
1316,0.999999,0.574018,0.794229,0.252175
1317,0.999999,0.597926,0.794229,0.251827
1318,0.999999,0.596744,0.794229,0.248117
1319,0.999999,0.575451,0.794229,0.247321
1320,0.999999,0.584562,0.794229,0.248697
1321,0.999999,0.584929,0.794229,0.250329
1322,0.999999,0.580363,0.794229,0.252042
1323,0.999999,0.579277,0.794229,0.246973
1324,0.999999,0.595402,0.794229,0.252543
1325,0.999999,0.572691,0.794229,0.256242
1326,0.999999,0.563129,0.794229,0.256414
1327,0.999999,0.544924,0.794229,0.246695
1328,0.999999,0.571721,0.794229,0.253143
1329,0.999999,0.549257,0.794229,0.24244
1330,0.999999,0.554594,0.794229,0.253236
1331,0.999999,0.606362,0.794229,0.241122
1332,0.999999,0.573677,0.794229,0.263681
1333,0.999999,0.5492,0.794229,0.251841
1334,0.999999,0.599188,0.794229,0.252226
1335,0.999999,0.60021,0.794229,0.250542
1336,0.999999,0.568958,0.794229,0.252572
1337,0.999999,0.585488,0.794229,0.250299
1338,0.999999,0.547241,0.794229,0.252205
1339,0.999999,0.5421,0.794229,0.252082
1340,0.999999,0.587924,0.794229,0.247641
1341,0.999999,0.553663,0.794229,0.251592
1342,0.999999,0.559516,0.794229,0.24882
1343,0.999999,0.549443,0.794229,0.253477
1344,0.999999,0.562276,0.794229,0.251457
1345,0.999999,0.578629,0.794229,0.242675
1346,0.999999,0.578593,0.794229,0.253786
1347,0.999999,0.609043,0.794229,0.246368
1348,0.999999,0.607482,0.794229,0.236407
1349,0.999999,0.56955,0.794229,0.253311
1350,0.999999,0.57794,0.794229,0.253319
1351,0.999999,0.548761,0.794229,0.262193
1352,0.999999,0.563202,0.794229,0.247403
1353,0.999999,0.592006,0.794229,0.25278
1354,0.999999,0.584811,0.794229,0.254822
1355,0.999999,0.564341,0.794229,0.247107
1356,0.999999,0.574003,0.794229,0.252986
1357,0.999999,0.572888,0.794229,0.25187
1358,0.999999,0.591125,0.794229,0.244494
1359,0.999999,0.590841,0.794229,0.25341
1360,0.999999,0.588908,0.794229,0.249384
1361,0.999999,0.582034,0.794229,0.260441
1362,0.999999,0.576414,0.794229,0.247585
1363,0.999999,0.563042,0.794229,0.253036
1364,0.999999,0.584482,0.794229,0.255434
1365,0.999999,0.5735,0.794229,0.255019
1366,0.999999,0.580412,0.794229,0.243438
1367,0.999999,0.611404,0.794229,0.252221
1368,0.999999,0.58274,0.794229,0.250683
1369,0.999999,0.573007,0.794229,0.250649
1370,0.999999,0.550521,0.794229,0.247205
1371,0.999999,0.58866,0.794229,0.251052
1372,0.999999,0.578639,0.794229,0.243423
1373,0.999999,0.588322,0.794229,0.237106
1374,0.999999,0.568372,0.794229,0.254918
1375,0.999999,0.574715,0.794229,0.249799
1376,0.999999,0.601238,0.794229,0.252341
1377,0.999999,0.583014,0.794229,0.254703
1378,0.999999,0.555363,0.794229,0.243818
1379,0.999999,0.557999,0.794229,0.254035
1380,0.999999,0.564256,0.794229,0.254351
1381,0.999999,0.58524,0.794229,0.247439
1382,0.999999,0.6083,0.794229,0.246165
1383,0.999999,0.585529,0.794229,0.245087
1384,0.999999,0.557987,0.794229,0.248723
1385,0.999999,0.588608,0.794229,0.248678
1386,0.999999,0.57787,0.794229,0.253747
1387,0.999999,0.598181,0.794229,0.252583
1388,0.999999,0.573091,0.794229,0.254793
1389,0.999999,0.583249,0.794229,0.243417
1390,0.999999,0.572754,0.794229,0.250269
1391,0.999999,0.575324,0.794229,0.257608
1392,0.999999,0.610479,0.794229,0.250559
1393,0.999999,0.597697,0.794229,0.252505
1394,0.999999,0.558517,0.794229,0.244306
1395,0.999999,0.578996,0.794229,0.265783
1396,0.999999,0.562041,0.794229,0.25215
1397,0.999999,0.579549,0.794229,0.251257
1398,0.999999,0.592036,0.794229,0.249789
1399,0.999999,0.582675,0.794229,0.257211
1400,0.999999,0.57715,0.794229,0.253575
1401,0.999999,0.577176,0.794229,0.240795
1402,0.999999,0.562147,0.794229,0.258953
1403,0.999999,0.571822,0.794229,0.258773
1404,0.999999,0.565124,0.794229,0.247769
1405,0.999999,0.565004,0.794229,0.248323
1406,0.999999,0.558445,0.794229,0.247883
1407,0.999999,0.562029,0.794229,0.246626
1408,0.999999,0.596452,0.794229,0.248744
1409,0.999999,0.588496,0.794229,0.257906
1410,0.999999,0.573964,0.794229,0.259359
1411,0.999999,0.563248,0.794229,0.262152
1412,0.999999,0.578111,0.794229,0.260372
1413,0.999999,0.567107,0.794229,0.244606
1414,0.999999,0.560118,0.794229,0.251508
1415,0.999999,0.603868,0.794229,0.250837
1416,0.999999,0.596784,0.794229,0.252815
1417,0.999999,0.606298,0.794229,0.255452
1418,0.999999,0.585471,0.794229,0.257687
1419,0.999999,0.586416,0.794229,0.25248
1420,0.999999,0.564197,0.794229,0.242849
1421,0.999999,0.583111,0.794229,0.253236
1422,0.999999,0.571794,0.794229,0.252398
1423,0.999999,0.564298,0.794229,0.251976
1424,0.999999,0.54117,0.794229,0.247374
1425,0.999999,0.557982,0.794229,0.250141
1426,0.999999,0.615063,0.794229,0.243494
1427,0.999999,0.554195,0.794229,0.247371
1428,0.999999,0.54556,0.794229,0.256961
1429,0.999999,0.570282,0.794229,0.251842
1430,0.999999,0.567152,0.794229,0.251492
1431,0.999999,0.575779,0.794229,0.254244
1432,0.999999,0.573186,0.794229,0.252827
1433,0.999999,0.558803,0.794229,0.253947
1434,0.999999,0.58569,0.794229,0.252406
1435,0.999999,0.565069,0.794229,0.24528
1436,0.999999,0.575938,0.794229,0.24494
1437,0.999999,0.566182,0.794229,0.251866
1438,0.999999,0.548541,0.794229,0.245686
1439,0.999999,0.589385,0.794229,0.248666
1440,0.999999,0.580507,0.794229,0.258678
1441,0.999999,0.591918,0.794229,0.246858
1442,0.999999,0.58829,0.794229,0.252057
1443,0.999999,0.621789,0.794229,0.24942
1444,0.999999,0.576802,0.794229,0.254509
1445,0.999999,0.590933,0.794229,0.257386
1446,0.999999,0.607615,0.794229,0.245244
1447,0.999999,0.576461,0.794229,0.245115
1448,0.999999,0.58116,0.794229,0.251381
1449,0.999999,0.581029,0.794229,0.25237
1450,0.999999,0.56445,0.794229,0.259304
1451,0.999999,0.558744,0.794229,0.257656
1452,0.999999,0.56705,0.794229,0.248662
1453,0.999999,0.555529,0.794229,0.255555
1454,0.999999,0.571386,0.794229,0.246613
1455,0.999999,0.589757,0.794229,0.257191
1456,0.999999,0.561953,0.794229,0.25958
1457,0.999999,0.572705,0.794229,0.25293
1458,0.999999,0.584919,0.794229,0.242464
1459,0.999999,0.572282,0.794229,0.248597
1460,0.999999,0.598108,0.794229,0.252017
1461,0.999999,0.583581,0.794229,0.253106
1462,0.999999,0.570197,0.794229,0.246297
1463,0.999999,0.594739,0.794229,0.248468
1464,0.999999,0.604424,0.794229,0.254749
1465,0.999999,0.586789,0.794229,0.25057
1466,0.999999,0.584755,0.794229,0.253173
1467,0.999999,0.568743,0.794229,0.246087
1468,0.999999,0.565419,0.794229,0.248775
1469,0.999999,0.580325,0.794229,0.252862
1470,0.999999,0.575585,0.794229,0.258754
1471,0.999999,0.601611,0.794229,0.256944
1472,0.999999,0.57349,0.794229,0.240907
1473,0.999999,0.570072,0.794229,0.24597
1474,0.999999,0.580238,0.794229,0.25167
1475,0.999999,0.588752,0.794229,0.250981
1476,0.999999,0.591758,0.794229,0.24305
1477,0.999999,0.592383,0.794229,0.243582
1478,0.999999,0.560135,0.794229,0.24737
1479,0.999999,0.581619,0.794229,0.254319
1480,0.999999,0.549988,0.794229,0.242269
1481,0.999999,0.54878,0.794229,0.248173
1482,0.999999,0.592767,0.794229,0.250738
1483,0.999999,0.622791,0.794229,0.262625
1484,0.999999,0.573574,0.794229,0.258517
1485,0.999999,0.561558,0.794229,0.249834
1486,0.999999,0.582367,0.794229,0.239634
1487,0.999999,0.595041,0.794229,0.247223
1488,0.999999,0.578699,0.794229,0.25223
1489,0.999999,0.556382,0.794229,0.252557
1490,0.999999,0.552822,0.794229,0.255868
1491,0.999999,0.600049,0.794229,0.251159
1492,0.999999,0.555498,0.794229,0.244134
1493,0.999999,0.522065,0.794229,0.25855
1494,0.999999,0.546844,0.794229,0.245209
1495,0.999999,0.614356,0.794229,0.248987
1496,0.999999,0.585049,0.794229,0.25502
1497,0.999999,0.552482,0.794229,0.251793
1498,0.999999,0.55513,0.794229,0.251754
1499,0.999999,0.557731,0.794229,0.253072
1500,0.999999,0.57671,0.794229,0.245352
1501,0.999999,0.614647,0.794229,0.244841
1502,0.999999,0.629395,0.794229,0.249118
1503,0.999999,0.603184,0.794229,0.255362
1504,0.999999,0.544633,0.794229,0.254715
1505,0.999999,0.566143,0.794229,0.244464
1506,0.999999,0.582304,0.794229,0.252713
1507,0.999999,0.586599,0.794229,0.258342
1508,0.999999,0.623796,0.794229,0.254661
1509,0.999999,0.58425,0.794229,0.258367
1510,0.999999,0.579218,0.794229,0.251155
1511,0.999999,0.589129,0.794229,0.250699
1512,0.999999,0.585878,0.794229,0.259393
1513,0.999999,0.579443,0.794229,0.24131
1514,0.999999,0.58656,0.794229,0.254937
1515,0.999999,0.551105,0.794229,0.25309
1516,0.999999,0.578559,0.794229,0.254575
1517,0.999999,0.581085,0.794229,0.248599
1518,0.999999,0.593979,0.794229,0.25822
1519,0.999999,0.565604,0.794229,0.243099
1520,0.999999,0.590104,0.794229,0.249618
1521,0.999999,0.578227,0.794229,0.247888
1522,0.999999,0.572274,0.794229,0.244614
1523,0.999999,0.587319,0.794229,0.250237
1524,0.999999,0.551531,0.794229,0.252358
1525,0.999999,0.598556,0.794229,0.248487
1526,0.999999,0.569575,0.794229,0.241848
1527,0.999999,0.571475,0.794229,0.255582
1528,0.999999,0.567475,0.794229,0.254765
1529,0.999999,0.59527,0.794229,0.253493
1530,0.999999,0.582962,0.794229,0.254497
1531,0.999999,0.589996,0.794229,0.247058
1532,0.999999,0.594531,0.794229,0.248772
1533,0.999999,0.602497,0.794229,0.245263
1534,0.999999,0.615072,0.794229,0.243961
1535,0.999999,0.58111,0.794229,0.253862
1536,0.999999,0.559728,0.794229,0.247361
1537,0.999999,0.575979,0.794229,0.248032
1538,0.999999,0.579206,0.794229,0.253267
1539,0.999999,0.575184,0.794229,0.252066
1540,0.999999,0.563595,0.794229,0.243868
1541,0.999999,0.574628,0.794229,0.249489
1542,0.999999,0.587267,0.794229,0.257951
1543,0.999999,0.595752,0.794229,0.252899
1544,0.999999,0.557067,0.794229,0.247529
1545,0.999999,0.563178,0.794229,0.24976
1546,0.999999,0.581694,0.794229,0.2447
1547,0.999999,0.564844,0.794229,0.257706
1548,0.999999,0.599332,0.794229,0.257287
1549,0.999999,0.583722,0.794229,0.247737
1550,0.999999,0.575804,0.794229,0.245861
1551,0.999999,0.597486,0.794229,0.25724
1552,0.999999,0.555978,0.794229,0.251211
1553,0.999999,0.581368,0.794229,0.255039
1554,0.999999,0.541935,0.794229,0.247337
1555,0.999999,0.550628,0.794229,0.249474
1556,0.999999,0.553061,0.794229,0.246808
1557,0.999999,0.602473,0.794229,0.254087
1558,0.999999,0.592102,0.794229,0.247183
1559,0.999999,0.554742,0.794229,0.261672
1560,0.999999,0.591082,0.794229,0.25473
1561,0.999999,0.588152,0.794229,0.248739
1562,0.999999,0.584901,0.794229,0.247719
1563,0.999999,0.541079,0.794229,0.244573
1564,0.999999,0.575914,0.794229,0.252272
1565,0.999999,0.572695,0.794229,0.242314
1566,0.999999,0.580573,0.794229,0.245013
1567,0.999999,0.608416,0.794229,0.255945
1568,0.999999,0.571656,0.794229,0.248124
1569,0.999999,0.598667,0.794229,0.252658
1570,0.999999,0.580275,0.794229,0.252003
1571,0.999999,0.570528,0.794229,0.246296
1572,0.999999,0.595522,0.794229,0.243993
1573,0.999999,0.560493,0.794229,0.250043
1574,0.999999,0.560838,0.794229,0.248914
1575,0.999999,0.570746,0.794229,0.247093
1576,0.999999,0.559498,0.794229,0.242693
1577,0.999999,0.563611,0.794229,0.249794
1578,0.999999,0.598652,0.794229,0.248593
1579,0.999999,0.600706,0.794229,0.255379
1580,0.999999,0.564291,0.794229,0.257458
1581,0.999999,0.553437,0.794229,0.257612
1582,0.999999,0.559112,0.794229,0.254576
1583,0.999999,0.599049,0.794229,0.2514
1584,0.999999,0.606137,0.794229,0.255895
1585,0.999999,0.551013,0.794229,0.249377
1586,0.999999,0.586647,0.794229,0.243276
1587,0.999999,0.599262,0.794229,0.24207
1588,0.999999,0.579593,0.794229,0.25248
1589,0.999999,0.586917,0.794229,0.249738
1590,0.999999,0.584731,0.794229,0.258144
1591,0.999999,0.578716,0.794229,0.252377
1592,0.999999,0.555089,0.794229,0.247136
1593,0.999999,0.5825,0.794229,0.245538
1594,0.999999,0.57355,0.794229,0.253003
1595,0.999999,0.544176,0.794229,0.257318
1596,0.999999,0.590249,0.794229,0.253689
1597,0.999999,0.577168,0.794229,0.251533
1598,0.999999,0.584135,0.794229,0.257522
1599,0.999999,0.553739,0.794229,0.251918
1600,0.999999,0.578474,0.794229,0.24982
1601,0.999999,0.56217,0.794229,0.242734
1602,0.999999,0.571049,0.794229,0.236892
1603,0.999999,0.563717,0.794229,0.252336
1604,0.999999,0.554544,0.794229,0.248441
1605,0.999999,0.554703,0.794229,0.246553
1606,0.999999,0.615469,0.794229,0.246038
1607,0.999999,0.600533,0.794229,0.239965
1608,0.999999,0.567601,0.794229,0.242503
1609,0.999999,0.614972,0.794229,0.247078
1610,0.999999,0.594722,0.794229,0.251147
1611,0.999999,0.581582,0.794229,0.242711
1612,0.999999,0.584159,0.794229,0.249027
1613,0.999999,0.574648,0.794229,0.246822
1614,0.999999,0.558699,0.794229,0.247246
1615,0.999999,0.606674,0.794229,0.238216
1616,0.999999,0.605013,0.794229,0.259126
1617,0.999999,0.571466,0.794229,0.242774
1618,0.999999,0.610649,0.794229,0.253383
1619,0.999999,0.541603,0.794229,0.255435
1620,0.999999,0.586361,0.794229,0.250401
1621,0.999999,0.607341,0.794229,0.250542
1622,0.999999,0.572818,0.794229,0.246833
1623,0.999999,0.594934,0.794229,0.249634
1624,0.999999,0.583039,0.794229,0.249922
1625,0.999999,0.589337,0.794229,0.253641
1626,0.999999,0.583813,0.794229,0.249994
1627,0.999999,0.590483,0.794229,0.24451
1628,0.999999,0.577232,0.794229,0.258329
1629,0.999999,0.568,0.794229,0.255746
1630,0.999999,0.630115,0.794229,0.254153
1631,0.999999,0.584585,0.794229,0.25079
1632,0.999999,0.602424,0.794229,0.246261
1633,0.999999,0.603878,0.794229,0.255574
1634,0.999999,0.594993,0.794229,0.252895
1635,0.999999,0.582554,0.794229,0.249619
1636,0.999999,0.620566,0.794229,0.255976
1637,0.999999,0.578393,0.794229,0.240696
1638,0.999999,0.588886,0.794229,0.25255
1639,0.999999,0.599596,0.794229,0.25057
1640,0.999999,0.586112,0.794229,0.243142
1641,0.999999,0.585503,0.794229,0.248718
1642,0.999999,0.584384,0.794229,0.243005
1643,0.999999,0.607452,0.794229,0.254294
1644,0.999999,0.570334,0.794229,0.253707
1645,0.999999,0.586282,0.794229,0.248508
1646,0.999999,0.602804,0.794229,0.243417
1647,0.999999,0.611088,0.794229,0.24609
1648,0.999999,0.576524,0.794229,0.249255
1649,0.999999,0.601022,0.794229,0.253663
1650,0.999999,0.570662,0.794229,0.257401
1651,0.999999,0.579421,0.794229,0.257282
1652,0.999999,0.577176,0.794229,0.253225
1653,0.999999,0.572324,0.794229,0.257638
1654,0.999999,0.579104,0.794229,0.249504
1655,0.999999,0.577788,0.794229,0.252266
1656,0.999999,0.598232,0.794229,0.253595
1657,0.999999,0.564343,0.794229,0.252237
1658,0.999999,0.570773,0.794229,0.253091
1659,0.999999,0.572815,0.794229,0.246315
1660,0.999999,0.600747,0.794229,0.249069
1661,0.999999,0.592158,0.794229,0.253786
1662,0.999999,0.594287,0.794229,0.254572
1663,0.999999,0.607942,0.794229,0.258167
1664,0.999999,0.565874,0.794229,0.247638
1665,0.999999,0.563495,0.794229,0.240078
1666,0.999999,0.598285,0.794229,0.250161
1667,0.999999,0.558958,0.794229,0.246177
1668,0.999999,0.577195,0.794229,0.253598
1669,0.999999,0.531735,0.794229,0.254705
1670,0.999999,0.533838,0.794229,0.247416
1671,0.999999,0.568431,0.794229,0.239495
1672,0.999999,0.579905,0.794229,0.25218
1673,0.999999,0.583852,0.794229,0.251408
1674,0.999999,0.596383,0.794229,0.25138
1675,0.999999,0.569703,0.794229,0.254125
1676,0.999999,0.588724,0.794229,0.255574
1677,0.999999,0.589601,0.794229,0.253401
1678,0.999999,0.548453,0.794229,0.253282
1679,0.999999,0.584995,0.794229,0.25162
1680,0.999999,0.594733,0.794229,0.25168
1681,0.999999,0.596458,0.794229,0.256332
1682,0.999999,0.564228,0.794229,0.255107
1683,0.999999,0.572215,0.794229,0.256145
1684,0.999999,0.585077,0.794229,0.257089
1685,0.999999,0.598218,0.794229,0.249353
1686,0.999999,0.586032,0.794229,0.251305
1687,0.999999,0.607559,0.794229,0.253796
1688,0.999999,0.58021,0.794229,0.244997
1689,0.999999,0.608714,0.794229,0.260711
1690,0.999999,0.577211,0.794229,0.254543
1691,0.999999,0.60476,0.794229,0.255248
1692,0.999999,0.590228,0.794229,0.250393
1693,0.999999,0.616987,0.794229,0.256446
1694,0.999999,0.606275,0.794229,0.257281
1695,0.999999,0.599581,0.794229,0.243897
1696,0.999999,0.627475,0.794229,0.245919
1697,0.999999,0.646036,0.794229,0.249008
1698,0.999999,0.581294,0.794229,0.253844
1699,0.999999,0.560919,0.794229,0.249521
1700,0.999999,0.594019,0.794229,0.242707
1701,0.999999,0.58573,0.794229,0.246696
1702,0.999999,0.581284,0.794229,0.248239
1703,0.999999,0.545271,0.794229,0.255206
1704,0.999999,0.578473,0.794229,0.251111
1705,0.999999,0.600044,0.794229,0.25611
1706,0.999999,0.586814,0.794229,0.251209
1707,0.999999,0.593442,0.794229,0.247283
1708,0.999999,0.593821,0.794229,0.24741
1709,0.999999,0.579373,0.794229,0.249419
1710,0.999999,0.54497,0.794229,0.248397
1711,0.999999,0.603366,0.794229,0.251218
1712,0.999999,0.537521,0.794229,0.2453
1713,0.999999,0.608695,0.794229,0.247041
1714,0.999999,0.645097,0.794229,0.242333
1715,0.999999,0.645547,0.794229,0.251356
1716,0.999999,0.601449,0.794229,0.249347
1717,0.999999,0.581324,0.794229,0.2506
1718,0.999999,0.607639,0.794229,0.249033
1719,0.999999,0.571116,0.794229,0.248177
1720,0.999999,0.572804,0.794229,0.251381
1721,0.999999,0.569558,0.794229,0.251851
1722,0.999999,0.575145,0.794229,0.258498
1723,0.999999,0.588976,0.794229,0.240818
1724,0.999999,0.579053,0.794229,0.252375
1725,0.999999,0.551877,0.794229,0.245739
1726,0.999999,0.574381,0.794229,0.254248
1727,0.999999,0.615643,0.794229,0.252443
1728,0.999999,0.565337,0.794229,0.251683
1729,0.999999,0.562811,0.794229,0.246985
1730,0.999999,0.579828,0.794229,0.250195
1731,0.999999,0.568557,0.794229,0.244791
1732,0.999999,0.578004,0.794229,0.251909
1733,0.999999,0.570755,0.794229,0.247181
1734,0.999999,0.579687,0.794229,0.256716
1735,0.999999,0.542835,0.794229,0.257906
1736,0.999999,0.575268,0.794229,0.259597
1737,0.999999,0.558622,0.794229,0.247392
1738,0.999999,0.574137,0.794229,0.255017
1739,0.999999,0.586011,0.794229,0.248238
1740,0.999999,0.538888,0.794229,0.244184
1741,0.999999,0.558056,0.794229,0.251087
1742,0.999999,0.587176,0.794229,0.245811
1743,0.999999,0.58842,0.794229,0.243375
1744,0.999999,0.57099,0.794229,0.256053
1745,0.999999,0.593262,0.794229,0.246077
1746,0.999999,0.588045,0.794229,0.257912
1747,0.999999,0.572546,0.794229,0.248737
1748,0.999999,0.567597,0.794229,0.251603
1749,0.999999,0.605207,0.794229,0.255313
1750,0.999999,0.604278,0.794229,0.253183
1751,0.999999,0.573985,0.794229,0.257175
1752,0.999999,0.568997,0.794229,0.250131
1753,0.999999,0.6104,0.794229,0.244725
1754,0.999999,0.571391,0.794229,0.251607
1755,0.999999,0.574462,0.794229,0.250305
1756,0.999999,0.547167,0.794229,0.251122
1757,0.999999,0.609744,0.794229,0.256042
1758,0.999999,0.571611,0.794229,0.248799
1759,0.999999,0.592009,0.794229,0.25212
1760,0.999999,0.588019,0.794229,0.251775
1761,0.999999,0.58243,0.794229,0.249502
1762,0.999999,0.615535,0.794229,0.244777
1763,0.999999,0.588199,0.794229,0.254465
1764,0.999999,0.583574,0.794229,0.255376
1765,0.999999,0.57307,0.794229,0.247215
1766,0.999999,0.600359,0.794229,0.248692
1767,0.999999,0.572315,0.794229,0.248064
1768,0.999999,0.61481,0.794229,0.250233
1769,0.999999,0.573642,0.794229,0.253697
1770,0.999999,0.58091,0.794229,0.245577
1771,0.999999,0.58718,0.794229,0.246088
1772,0.999999,0.569651,0.794229,0.245098
1773,0.999999,0.565242,0.794229,0.245499
1774,0.999999,0.596727,0.794229,0.253376
1775,0.999999,0.590952,0.794229,0.252011
1776,0.999999,0.574651,0.794229,0.254276
1777,0.999999,0.597433,0.794229,0.253259
1778,0.999999,0.570069,0.794229,0.250448
1779,0.999999,0.587569,0.794229,0.253432
1780,0.999999,0.580828,0.794229,0.256347
1781,0.999999,0.560118,0.794229,0.250893
1782,0.999999,0.59522,0.794229,0.257813
1783,0.999999,0.588733,0.794229,0.249205
1784,0.999999,0.59657,0.794229,0.249214
1785,0.999999,0.584061,0.794229,0.245271
1786,0.999999,0.572686,0.794229,0.24245
1787,0.999999,0.576674,0.794229,0.24382
1788,0.999999,0.604833,0.794229,0.256552
1789,0.999999,0.586271,0.794229,0.248208
1790,0.999999,0.584825,0.794229,0.252927
1791,0.999999,0.593132,0.794229,0.249926
1792,0.999999,0.576347,0.794229,0.248201
1793,0.999999,0.594345,0.794229,0.254076
1794,0.999999,0.565614,0.794229,0.25046
1795,0.999999,0.577293,0.794229,0.25893
1796,0.999999,0.569691,0.794229,0.249051
1797,0.999999,0.597415,0.794229,0.242097
1798,0.999999,0.604812,0.794229,0.245586
1799,0.999999,0.589089,0.794229,0.248587
1800,0.999999,0.58141,0.794229,0.242534
1801,0.999999,0.581883,0.794229,0.250268
1802,0.999999,0.557389,0.794229,0.258483
1803,0.999999,0.557269,0.794229,0.255794
1804,0.999999,0.563974,0.794229,0.246853
1805,0.999999,0.601075,0.794229,0.24788
1806,0.999999,0.622768,0.794229,0.256704
1807,0.999999,0.584557,0.794229,0.245439
1808,0.999999,0.562352,0.794229,0.244701
1809,0.999999,0.573823,0.794229,0.251913
1810,0.999999,0.564562,0.794229,0.248621
1811,0.999999,0.571225,0.794229,0.25547
1812,0.999999,0.595301,0.794229,0.254461
1813,0.999999,0.608767,0.794229,0.251739
1814,0.999999,0.620311,0.794229,0.247985
1815,0.999999,0.591378,0.794229,0.252175
1816,0.999999,0.571245,0.794229,0.251827
1817,0.999999,0.566672,0.794229,0.248117
1818,0.999999,0.585508,0.794229,0.247321
1819,0.999999,0.567782,0.794229,0.248697
1820,0.999999,0.609068,0.794229,0.250329
1821,0.999999,0.594395,0.794229,0.252042
1822,0.999999,0.565057,0.794229,0.246973
1823,0.999999,0.566986,0.794229,0.252543
1824,0.999999,0.599472,0.794229,0.256242
1825,0.999999,0.587801,0.794229,0.256414
1826,0.999999,0.598151,0.794229,0.246695
1827,0.999999,0.592384,0.794229,0.253143
1828,0.999999,0.615182,0.794229,0.24244
1829,0.999999,0.554717,0.794229,0.253236
1830,0.999999,0.569731,0.794229,0.241122
1831,0.999999,0.543375,0.794229,0.263681
1832,0.999999,0.583031,0.794229,0.251841
1833,0.999999,0.546855,0.794229,0.252226
1834,0.999999,0.572391,0.794229,0.250542
1835,0.999999,0.597799,0.794229,0.252572
1836,1,0.587127,0.794229,0.250299
1837,1,0.570659,0.794229,0.252205
1838,1,0.57042,0.794229,0.252082
1839,1,0.565981,0.794229,0.247641
1840,1,0.562573,0.794229,0.251592
1841,1,0.603727,0.794229,0.24882
1842,1,0.578377,0.794229,0.253477
1843,1,0.56478,0.794229,0.251457
1844,1,0.5693,0.794229,0.242675
1845,1,0.592738,0.794229,0.253786
1846,1,0.566393,0.794229,0.246368
1847,1,0.591134,0.794229,0.236407
1848,1,0.593933,0.794229,0.253311
1849,1,0.577959,0.794229,0.253319
1850,1,0.563286,0.794229,0.262193
1851,1,0.58234,0.794229,0.247403
1852,1,0.594766,0.794229,0.25278
1853,1,0.584483,0.794229,0.254822
1854,1,0.597395,0.794229,0.247107
1855,1,0.597407,0.794229,0.252986
1856,1,0.558425,0.794229,0.25187
1857,1,0.567408,0.794229,0.244494
1858,1,0.582449,0.794229,0.25341
1859,1,0.589738,0.794229,0.249384
1860,1,0.57956,0.794229,0.260441
1861,1,0.581406,0.794229,0.247585
1862,1,0.577621,0.794229,0.253036
1863,1,0.573133,0.794229,0.255434
1864,1,0.599184,0.794229,0.255019
1865,1,0.59265,0.794229,0.243438
1866,1,0.60061,0.794229,0.252221
1867,1,0.578608,0.794229,0.250683
1868,1,0.588685,0.794229,0.250649
1869,1,0.572116,0.794229,0.247205
1870,1,0.594582,0.794229,0.251052
1871,1,0.601857,0.794229,0.243423
1872,1,0.55705,0.794229,0.237106
1873,1,0.543179,0.794229,0.254918
1874,1,0.587873,0.794229,0.249799
1875,1,0.611067,0.794229,0.252341
1876,1,0.592055,0.794229,0.254703
1877,1,0.614507,0.794229,0.243818
1878,1,0.576548,0.794229,0.254035
1879,1,0.53701,0.794229,0.254351
1880,1,0.592455,0.794229,0.247439
1881,1,0.550014,0.794229,0.246165
1882,1,0.566122,0.794229,0.245087
1883,1,0.580116,0.794229,0.248723
1884,1,0.562389,0.794229,0.248678
1885,1,0.571803,0.794229,0.253747
1886,1,0.594803,0.794229,0.252583
1887,1,0.573277,0.794229,0.254793
1888,1,0.59559,0.794229,0.243417
1889,1,0.583751,0.794229,0.250269
1890,1,0.585257,0.794229,0.257608
1891,1,0.559723,0.794229,0.250559
1892,1,0.573743,0.794229,0.252505
1893,1,0.582536,0.794229,0.244306
1894,1,0.597039,0.794229,0.265783
1895,1,0.615365,0.794229,0.25215
1896,1,0.582203,0.794229,0.251257
1897,1,0.576514,0.794229,0.249789
1898,1,0.583287,0.794229,0.257211
1899,1,0.584364,0.794229,0.253575
1900,1,0.590521,0.794229,0.240795
1901,1,0.593133,0.794229,0.258953
1902,1,0.588989,0.794229,0.258773
1903,1,0.558318,0.794229,0.247769
1904,1,0.582222,0.794229,0.248323
1905,1,0.57359,0.794229,0.247883
1906,1,0.589684,0.794229,0.246626
1907,1,0.589816,0.794229,0.248744
1908,1,0.583783,0.794229,0.257906
1909,1,0.565393,0.794229,0.259359
1910,1,0.557415,0.794229,0.262152
1911,1,0.580167,0.794229,0.260372
1912,1,0.572809,0.794229,0.244606
1913,1,0.549579,0.794229,0.251508
1914,1,0.593455,0.794229,0.250837
1915,1,0.58076,0.794229,0.252815
1916,1,0.594653,0.794229,0.255452
1917,1,0.56841,0.794229,0.257687
1918,1,0.55372,0.794229,0.25248
1919,1,0.580595,0.794229,0.242849
1920,1,0.601798,0.794229,0.253236
1921,1,0.591559,0.794229,0.252398
1922,1,0.576235,0.794229,0.251976
1923,1,0.570935,0.794229,0.247374
1924,1,0.569281,0.794229,0.250141
1925,1,0.562637,0.794229,0.243494
1926,1,0.569681,0.794229,0.247371
1927,1,0.568276,0.794229,0.256961
1928,1,0.590317,0.794229,0.251842
1929,1,0.585069,0.794229,0.251492
1930,1,0.597589,0.794229,0.254244
1931,1,0.598916,0.794229,0.252827
1932,1,0.579353,0.794229,0.253947
1933,1,0.5734,0.794229,0.252406
1934,1,0.57485,0.794229,0.24528
1935,1,0.586075,0.794229,0.24494
1936,1,0.607739,0.794229,0.251866
1937,1,0.595708,0.794229,0.245686
1938,1,0.545124,0.794229,0.248666
1939,1,0.591049,0.794229,0.258678
1940,1,0.575601,0.794229,0.246858
1941,1,0.58557,0.794229,0.252057
1942,1,0.574903,0.794229,0.24942
1943,1,0.602235,0.794229,0.254509
1944,1,0.583523,0.794229,0.257386
1945,1,0.61056,0.794229,0.245244
1946,1,0.581681,0.794229,0.245115
1947,1,0.603328,0.794229,0.251381
1948,1,0.576291,0.794229,0.25237
1949,1,0.608545,0.794229,0.259304
1950,1,0.546226,0.794229,0.257656
1951,1,0.569199,0.794229,0.248662
1952,1,0.556658,0.794229,0.255555
1953,1,0.588642,0.794229,0.246613
1954,1,0.578307,0.794229,0.257191
1955,1,0.56897,0.794229,0.25958
1956,1,0.583503,0.794229,0.25293
1957,1,0.581638,0.794229,0.242464
1958,1,0.558135,0.794229,0.248597
1959,1,0.600793,0.794229,0.252017
1960,1,0.567192,0.794229,0.253106
1961,1,0.547194,0.794229,0.246297
1962,1,0.5817,0.794229,0.248468
1963,1,0.59052,0.794229,0.254749
1964,1,0.574663,0.794229,0.25057
1965,1,0.59026,0.794229,0.253173
1966,1,0.575845,0.794229,0.246087
1967,1,0.597398,0.794229,0.248775
1968,1,0.5591,0.794229,0.252862
1969,1,0.569464,0.794229,0.258754
1970,1,0.601015,0.794229,0.256944
1971,1,0.543546,0.794229,0.240907
1972,1,0.548738,0.794229,0.24597
1973,1,0.575576,0.794229,0.25167
1974,1,0.615056,0.794229,0.250981
1975,1,0.602154,0.794229,0.24305
1976,1,0.583931,0.794229,0.243582
1977,1,0.563094,0.794229,0.24737
1978,1,0.581834,0.794229,0.254319
1979,1,0.588593,0.794229,0.242269
1980,1,0.581306,0.794229,0.248173
1981,1,0.571759,0.794229,0.250738
1982,1,0.599286,0.794229,0.262625
1983,1,0.581302,0.794229,0.258517
1984,1,0.570482,0.794229,0.249834
1985,1,0.591914,0.794229,0.239634
1986,1,0.568449,0.794229,0.247223
1987,1,0.56663,0.794229,0.25223
1988,1,0.55576,0.794229,0.252557
1989,1,0.577374,0.794229,0.255868
1990,1,0.58321,0.794229,0.251159
1991,1,0.564572,0.794229,0.244134
1992,1,0.550279,0.794229,0.25855
1993,1,0.579843,0.794229,0.245209
1994,1,0.564438,0.794229,0.248987
1995,1,0.578395,0.794229,0.25502
1996,1,0.57799,0.794229,0.251793
1997,1,0.554024,0.794229,0.251754
1998,1,0.588349,0.794229,0.247858
1999,1,0.586817,0.794229,0.247858
